ts_code,trade_date,close,open,high,low,pre_close,change,pct_chg,vol,amount,index_ret_1d,index_ret_5d,index_ret_20d,index_vol_20d,market_ret_5d,market_ret_20d,market_vol_20d
000016.SH,20230103,2641.4218,2628.6723,2645.9915,2603.7234,2635.2484,6.1734,0.2343,30230100.0,54746966.089,,,,,,,
000016.SH,20230104,2651.005,2644.291,2659.5351,2637.716,2641.4218,9.5832,0.3628,28065521.0,51793840.04,0.0036280460773057133,,,,,,
000016.SH,20230105,2700.3082,2670.4576,2705.7388,2668.1451,2651.005,49.3032,1.8598,27714894.0,65754233.548,0.018597927955624316,,,,,,
000016.SH,20230106,2713.6307,2704.2375,2721.9279,2698.9087,2700.3082,13.3225,0.4934,28367259.0,61190293.595,0.00493369608698746,,,,,,
000016.SH,20230109,2742.2014,2730.9952,2747.6106,2722.1459,2713.6307,28.5707,1.0529,29682897.0,61358496.788,0.010528588138393191,,,,,,
000016.SH,20230110,2733.6188,2742.6969,2748.637,2731.8243,2742.2014,-8.5826,-0.313,24212915.0,55251392.672,-0.003129821172142888,0.034904307975348825,,,0.034904307975348825,,
000016.SH,20230111,2740.1927,2739.9372,2760.0972,2733.4293,2733.6188,6.5739,0.2405,24748045.0,54746699.631,0.0024048342073150764,0.03364297690875717,,,0.03364297690875717,,
000016.SH,20230112,2741.9454,2749.6944,2752.1164,2732.8253,2740.1927,1.7527,0.064,22257903.0,47888079.187,0.0006396265488919362,0.015419425086366179,,,0.015419425086366179,,
000016.SH,20230113,2787.3561,2751.5819,2787.3561,2747.3642,2741.9454,45.4107,1.6561,24652015.0,56444142.488,0.016561489517624928,0.027168545815758893,,,0.027168545815758893,,
000016.SH,20230116,2834.2913,2789.8713,2864.8788,2787.9527,2787.3561,46.9352,1.6839,39276584.0,93451912.969,0.016838609175196417,0.033582471367711975,,,0.033582471367711975,,
000016.SH,20230117,2827.0272,2833.7402,2837.5922,2813.7194,2834.2913,-7.2641,-0.2563,24969526.0,58394050.935,-0.0025629334571219964,0.03417023617191983,,0.008207126961059831,0.03417023617191983,,0.008207126961059831
000016.SH,20230118,2810.086,2829.7861,2838.8313,2807.5464,2827.0272,-16.9412,-0.5993,20562468.0,46976558.79,-0.005992584719383021,0.02550670980183245,,0.008694887240909308,0.02550670980183245,,0.008694887240909308
000016.SH,20230119,2820.8067,2807.5616,2823.1142,2786.0806,2810.086,10.7207,0.3815,23936652.0,56070795.481,0.0038150789691135945,0.02876107598641453,,0.008307656073906723,0.02876107598641453,,0.008307656073906723
000016.SH,20230120,2836.807,2831.6823,2847.3134,2822.6899,2820.8067,16.0003,0.5672,34410546.0,64327252.941,0.005672242624778168,0.017741149040841897,,0.007954084452335622,0.017741149040841897,,0.007954084452335622
000016.SH,20230130,2839.1216,2895.3546,2895.3546,2835.6529,2836.807,2.3146,0.0816,42026518.0,91628151.042,0.0008159173324093771,0.0017042355526406539,,0.007745345716107249,0.0017042355526406539,,0.007745345716107249
000016.SH,20230131,2807.9519,2842.5178,2853.8989,2804.9786,2839.1216,-31.1697,-1.0979,30032900.0,67183034.548,-0.010978642126494353,-0.00674747664260178,,0.008552640395574037,-0.00674747664260178,,0.008552640395574037
000016.SH,20230201,2820.8742,2819.1796,2820.8742,2780.8873,2807.9519,12.9223,0.4602,37555987.0,71988315.699,0.004602037520657021,0.0038390995862762622,,0.00826352116964072,0.0038390995862762622,,0.00826352116964072
000016.SH,20230202,2811.8468,2828.5306,2828.5306,2798.352,2820.8742,-9.0274,-0.32,34064475.0,70794092.706,-0.0032002136075406362,-0.0031763608615933414,,0.008197225178221829,-0.0031763608615933414,,0.008197225178221829
000016.SH,20230203,2774.8009,2795.1088,2795.1088,2753.0579,2811.8468,-37.0459,-1.3175,31007460.0,65413067.444,-0.013174935419667855,-0.021857708331937897,,0.00889338507618084,-0.021857708331937897,,0.00889338507618084
000016.SH,20230206,2735.0045,2744.7003,2744.7003,2716.7278,2774.8009,-39.7964,-1.4342,26304300.0,59654757.748,-0.014342074056556742,-0.03667229328958643,,0.009493362514942103,-0.03667229328958643,,0.009493362514942103
000016.SH,20230207,2740.4446,2744.6958,2752.7858,2730.8293,2735.0045,5.4401,0.1989,20708210.0,42790863.179,0.00198906436899815,-0.024041473075090858,0.03748844656313488,0.00924019472396129,-0.024041473075090858,0.03748844656313488,0.00924019472396129
000016.SH,20230208,2731.2516,2744.4896,2758.0379,2727.7726,2740.4446,-9.193,-0.3355,20115261.0,38028487.516,-0.003354565168002255,-0.03177121475321376,0.03027025599725386,0.009302467200989132,-0.03177121475321376,0.03027025599725386,0.009302467200989132
000016.SH,20230209,2761.872,2725.2019,2765.6239,2723.5612,2731.2516,30.6204,1.1211,19825081.0,48791468.328,0.011211123867167716,-0.01777294552462816,0.022798804966040587,0.008717527913138777,-0.01777294552462816,0.022798804966040587,0.008717527913138777
000016.SH,20230210,2746.7231,2757.5304,2757.5304,2738.6123,2761.872,-15.1489,-0.5485,18510167.0,40747626.268,-0.00548501161531012,-0.010118852130976297,0.012194879723316898,0.008791378050394264,-0.010118852130976297,0.012194879723316898,0.008791378050394264
000016.SH,20230213,2767.7933,2739.717,2772.0452,2733.2075,2746.7231,21.0702,0.7671,30104364.0,63989468.953,0.007671031710476894,0.011988572596498326,0.009332611382956824,0.008644248797212995,0.011988572596498326,0.009332611382956824,0.008644248797212995
000016.SH,20230214,2776.9822,2770.2442,2776.9822,2760.5923,2767.7933,9.1889,0.332,22294840.0,49531533.948,0.0033199372221908163,0.013332727105667574,0.015863001820151323,0.008621985380337179,0.013332727105667574,0.015863001820151323,0.008621985380337179
000016.SH,20230215,2752.3385,2776.0144,2780.5931,2746.2808,2776.9822,-24.6437,-0.8874,23919067.0,48613527.296,-0.008874273662971333,0.007720599596170441,0.004432461994369863,0.00887811255245857,0.007720599596170441,0.004432461994369863,0.00887811255245857
000016.SH,20230216,2742.8042,2754.9507,2787.1561,2725.8385,2752.3385,-9.5343,-0.3464,32593974.0,64225693.018,-0.003464072460563905,-0.006903940515708085,0.00031320827905623183,0.008916181085946431,-0.006903940515708085,0.00031320827905623183,0.008916181085946431
000016.SH,20230217,2714.2891,2737.0106,2759.5249,2712.5023,2742.8042,-28.5151,-1.0396,27014083.0,52873770.382,-0.01039633087917835,-0.011808252531898877,-0.02621372992134019,0.008306018690949192,-0.011808252531898877,-0.02621372992134019,0.008306018690949192
000016.SH,20230220,2788.3958,2720.0472,2790.9807,2717.5014,2714.2891,74.1067,2.7302,38545666.0,70567258.808,0.02730243436485802,0.007443655564886242,-0.016192936837508554,0.009717889174563017,0.007443655564886242,-0.016192936837508554,0.009717889174563017
000016.SH,20230221,2802.1357,2785.9941,2805.7146,2779.1772,2788.3958,13.7399,0.4928,35587226.0,63800608.94,0.004927528581128993,0.00905785424191774,-0.008804832157257025,0.009789285098375445,0.00905785424191774,-0.008804832157257025,0.009789285098375445
000016.SH,20230222,2769.344,2786.7187,2795.2446,2766.3587,2802.1357,-32.7917,-1.1702,21310123.0,45344054.801,-0.011702395426459788,0.006178564155535415,-0.014498488658354125,0.010041087593207258,0.006178564155535415,-0.014498488658354125,0.010041087593207258
000016.SH,20230223,2767.5352,2770.7154,2790.8863,2757.4858,2769.344,-1.8088,-0.0653,23120961.0,49463966.83,-0.000653151071156266,0.009016684457461288,-0.018885200464108465,0.009985308909791718,0.009016684457461288,-0.018885200464108465,0.009985308909791718
000016.SH,20230224,2727.5902,2762.79,2764.6483,2722.179,2767.5352,-39.945,-1.4433,25062085.0,49608201.967,-0.014433420756491122,0.004900399150554735,-0.038499904998824275,0.010295473715916744,0.004900399150554735,-0.038499904998824275,0.010295473715916744
000016.SH,20230227,2723.5835,2713.425,2738.12,2712.7882,2727.5902,-4.0067,-0.1469,22288276.0,44925779.261,-0.0014689523374882274,-0.023243579695536587,-0.04069501637407846,0.010276281058871057,-0.023243579695536587,-0.04069501637407846,0.010276281058871057
000016.SH,20230228,2737.1547,2730.5193,2740.224,2703.2617,2723.5835,13.5712,0.4983,24170896.0,45601510.423,0.004982847046914429,-0.023189811970919072,-0.02521310995391335,0.010163527781694373,-0.023189811970919072,-0.02521310995391335,0.010163527781694373
000016.SH,20230301,2773.6494,2736.0497,2783.3229,2729.8039,2737.1547,36.4947,1.3333,35893952.0,59859898.942,0.01333307905468395,0.0015546642092856278,-0.01674119320882883,0.01060500942489592,0.0015546642092856278,-0.01674119320882883,0.01060500942489592
000016.SH,20230302,2769.1077,2766.0779,2782.7906,2762.1135,2773.6494,-4.5417,-0.1637,33747752.0,52817037.672,-0.0016374455978465097,0.000568195121782189,-0.015199654547324526,0.010592070334408309,0.000568195121782189,-0.015199654547324526,0.010592070334408309
000016.SH,20230303,2774.5079,2778.8926,2784.1253,2757.686,2769.1077,5.4002,0.195,40428992.0,53308630.783,0.0019501588905335154,0.017201154337627367,-0.00010559316165714705,0.010187674507184058,0.017201154337627367,-0.00010559316165714705,0.010187674507184058
000016.SH,20230306,2744.1406,2773.2724,2774.0032,2734.9611,2774.5079,-30.3673,-1.0945,38301675.0,67238922.936,-0.010945112104384314,0.007547813386297841,0.003340433260713205,0.009961006978556218,0.007547813386297841,0.003340433260713205,0.009961006978556218
000016.SH,20230307,2713.1681,2741.7908,2761.3515,2711.25,2744.1406,-30.9725,-1.1287,55146111.0,73443730.822,-0.011286775903537993,-0.008763333691004127,-0.009953311955293698,0.01027389677845055,-0.008763333691004127,-0.009953311955293698,0.01027389677845055
000016.SH,20230308,2691.9327,2698.5899,2699.8763,2679.1697,2713.1681,-21.2354,-0.7827,29539308.0,47688685.083,-0.007826791122894305,-0.029461798596462807,-0.014395927493461302,0.010388468171400728,-0.029461798596462807,-0.014395927493461302,0.010388468171400728
000016.SH,20230309,2671.8434,2694.1527,2697.2503,2660.6192,2691.9327,-20.0893,-0.7463,27251214.0,47063041.503,-0.007462779437242162,-0.035124780448228754,-0.03259694873621932,0.010099215714147729,-0.035124780448228754,-0.03259694873621932,0.010099215714147729
000016.SH,20230310,2636.3891,2648.8073,2667.9598,2636.0125,2671.8434,-35.4543,-1.327,28778692.0,47519703.177,-0.01326960255230536,-0.04978136843654335,-0.04016932030753306,0.010401996119967626,-0.04978136843654335,-0.04016932030753306,0.010401996119967626
000016.SH,20230313,2664.0378,2637.8206,2672.0069,2637.7136,2636.3891,27.6487,1.0487,34164329.0,53757120.805,0.010487336637827971,-0.0291904868139774,-0.03748672272600695,0.010557657541075443,-0.0291904868139774,-0.03748672272600695,0.010557657541075443
000016.SH,20230314,2645.1143,2658.2807,2658.2807,2627.0001,2664.0378,-18.9235,-0.7103,33042266.0,54832229.454,-0.007103315125633669,-0.025082780532470372,-0.047486044382999526,0.010545971081901575,-0.025082780532470372,-0.047486044382999526,0.010545971081901575
000016.SH,20230315,2648.3852,2666.9444,2674.0844,2647.9599,2645.1143,3.2709,0.1237,33345926.0,49841531.099,0.00123658172351937,-0.01617703889848343,-0.03776908254562428,0.010460113711914852,-0.01617703889848343,-0.03776908254562428,0.010460113711914852
000016.SH,20230316,2622.8232,2627.038,2647.5322,2621.7241,2648.3852,-25.562,-0.9652,39478516.0,57371205.148,-0.00965191921477293,-0.01834695850812229,-0.043743917265403165,0.010600272220343505,-0.01834695850812229,-0.043743917265403165,0.010600272220343505
000016.SH,20230317,2628.5911,2644.9526,2672.29,2620.4325,2622.8232,5.7679,0.2199,43717732.0,68652979.539,0.002199118873128958,-0.0029578335003735967,-0.0315729079853726,0.010459718916963573,-0.0029578335003735967,-0.0315729079853726,0.010459718916963573
000016.SH,20230320,2616.7505,2632.248,2644.8329,2614.2766,2628.5911,-11.8406,-0.4505,42916078.0,62406257.915,-0.0045045423763323544,-0.017750236126529373,-0.06155700707912404,0.007961483048339837,-0.017750236126529373,-0.06155700707912404,0.007961483048339837
000016.SH,20230321,2643.3583,2623.5778,2648.0513,2622.8472,2616.7505,26.6078,1.0168,31161690.0,53834171.809,0.010168260214338254,-0.0006638654518635878,-0.056662994586593296,0.00831924221909184,-0.0006638654518635878,-0.056662994586593296,0.00831924221909184
000016.SH,20230322,2651.5343,2652.712,2666.696,2643.1249,2643.3583,8.176,0.3093,26143513.0,48176487.986,0.003093035098571395,0.001189064189000666,-0.04254065222666459,0.00814948089880728,0.001189064189000666,-0.04254065222666459,0.00814948089880728
000016.SH,20230323,2668.6691,2641.8178,2668.6691,2641.071,2651.5343,17.1348,0.6462,28767182.0,53563266.211,0.006462220760259596,0.017479599844930638,-0.03572352033679638,0.00837011630655172,0.017479599844930638,-0.03572352033679638,0.00837011630655172
000016.SH,20230324,2653.285,2664.532,2664.532,2648.3445,2668.6691,-15.3841,-0.5765,30711612.0,53508170.882,-0.00576470870817225,0.009394348173818123,-0.027242068841573097,0.007891358507201707,0.009394348173818123,-0.027242068841573097,0.007891358507201707
000016.SH,20230327,2639.6226,2652.7927,2652.7927,2626.5813,2653.285,-13.6624,-0.5149,34045359.0,56455183.677,-0.005149239527604377,0.008740649901471276,-0.03082736402243591,0.00793704393929646,0.008740649901471276,-0.03082736402243591,0.00793704393929646
000016.SH,20230328,2638.7377,2646.9812,2653.5654,2633.9206,2639.6226,-0.8849,-0.0335,27215781.0,47612516.053,-0.0003352373176377377,-0.0017480036663964915,-0.03595595090040027,0.007795022693417047,-0.0017480036663964915,-0.03595595090040027,0.007795022693417047
000016.SH,20230329,2636.2229,2655.4057,2658.1325,2632.8401,2638.7377,-2.5148,-0.0953,26888679.0,47430708.932,-0.0009530314437846688,-0.005774543440754121,-0.049547177808413556,0.0069432923137531756,-0.005774543440754121,-0.049547177808413556,0.0069432923137531756
000016.SH,20230330,2664.2119,2639.3611,2665.3433,2628.1042,2636.2229,27.989,1.0617,33612471.0,59176791.713,0.010617084010612121,-0.0016701958290745722,-0.03788072237132567,0.007539866314045861,-0.0016701958290745722,-0.03788072237132567,0.007539866314045861
000016.SH,20230331,2661.9197,2670.9476,2681.8156,2657.7651,2664.2119,-2.2922,-0.086,28888859.0,56414431.747,-0.0008603670000872921,0.003254343200975507,-0.04057952042594659,0.007490320853941068,0.003254343200975507,-0.04057952042594659,0.007490320853941068
000016.SH,20230403,2665.7232,2667.1835,2673.6616,2655.0702,2661.9197,3.8035,0.1429,35269835.0,68174474.904,0.00142885602446996,0.009888004444271514,-0.02857630545606893,0.007222519653542885,0.009888004444271514,-0.02857630545606893,0.007222519653542885
000016.SH,20230404,2675.9173,2668.4018,2676.0598,2657.857,2665.7232,10.1941,0.3824,39497343.0,70301301.531,0.003824140480902294,0.014089918827475678,-0.013729632159540595,0.006920512345017476,0.014089918827475678,-0.013729632159540595,0.006920512345017476
000016.SH,20230406,2666.4478,2668.1306,2672.7238,2659.9086,2675.9173,-9.4695,-0.3539,29605541.0,58470388.254,-0.0035387864938876135,0.01146522928694682,-0.009467138610114612,0.006751421713528076,0.01146522928694682,-0.009467138610114612,0.006751421713528076
000016.SH,20230407,2684.8618,2667.1443,2692.5089,2663.6127,2666.4478,18.414,0.6906,24161042.0,55779749.487,0.006905816794913422,0.007750847445730624,0.004872441251609239,0.006730796594690027,0.007750847445730624,0.004872441251609239,0.006730796594690027
000016.SH,20230410,2684.9086,2690.4303,2690.4303,2671.516,2684.8618,0.0468,0.0017,32266430.0,69540603.031,1.7431064794459772e-05,0.008636210927023935,0.018403770520823537,0.005933084851699609,0.008636210927023935,0.018403770520823537,0.005933084851699609
000016.SH,20230411,2680.0435,2690.6257,2694.3158,2671.9476,2684.9086,-4.8651,-0.1812,34114834.0,70196813.749,-0.0018120169900756045,0.0053720131182413144,0.0060080603961401025,0.0055127342277631695,0.0053720131182413144,0.0060080603961401025,0.0055127342277631695
000016.SH,20230412,2665.7695,2684.0538,2684.4443,2663.2018,2680.0435,-14.274,-0.5326,34962726.0,71006118.018,-0.005326032954315996,-0.003792269663939196,0.0078088118914179105,0.005400049298756148,-0.003792269663939196,0.0078088118914179105,0.005400049298756148
000016.SH,20230413,2670.0139,2659.9407,2675.0005,2652.9579,2665.7695,4.2444,0.1592,36099587.0,69859214.876,0.0015921856709666393,0.0013373972668806466,0.008166750063397066,0.005403523295899194,0.0013373972668806466,0.008166750063397066,0.005403523295899194
000016.SH,20230414,2679.0072,2679.1314,2692.4626,2668.8137,2670.0139,8.9933,0.3368,30896338.0,67304123.994,0.0033682596184236857,-0.0021805964090964025,0.0214211922481089,0.004885637757399347,-0.0021805964090964025,0.0214211922481089,0.004885637757399347
000016.SH,20230417,2732.974,2680.6263,2732.974,2678.1353,2679.0072,53.9668,2.0144,45366139.0,84844709.067,0.020144328092884578,0.017902061917489442,0.03971058868760524,0.0064885121197564635,0.017902061917489442,0.03971058868760524,0.0064885121197564635
000016.SH,20230418,2744.4539,2724.4934,2753.8109,2722.6137,2732.974,11.4799,0.4201,39615955.0,75979082.504,0.004200515628761892,0.024033341249871443,0.04880228359562744,0.006321230108948623,0.024033341249871443,0.04880228359562744,0.006321230108948623
000016.SH,20230419,2720.718,2746.0632,2746.0632,2716.7521,2744.4539,-23.7359,-0.8649,32903094.0,62163506.624,-0.008648678704349932,0.02061262235913497,0.029265688272376744,0.006502551188202827,0.02061262235913497,0.029265688272376744,0.006502551188202827
000016.SH,20230420,2704.8577,2718.238,2721.1954,2693.256,2720.718,-15.8603,-0.5829,35867167.0,65781603.356,-0.00582945384269884,0.013050044421117013,0.020110394197050407,0.006688276259986582,0.013050044421117013,0.020110394197050407,0.006688276259986582
000016.SH,20230421,2654.211,2703.4001,2703.4001,2652.2641,2704.8577,-50.6467,-1.8724,37325688.0,69157559.71,-0.018724349158922515,-0.0092557422018128,-0.00541771926688106,0.00787497132406528,-0.0092557422018128,-0.00541771926688106,0.00787497132406528
000016.SH,20230424,2618.4783,2655.0845,2656.6731,2611.3807,2654.211,-35.7327,-1.3463,37410502.0,67028083.974,-0.013462644831175652,-0.04189417828343778,-0.013118341979847514,0.008333849784583252,-0.04189417828343778,-0.013118341979847514,0.008333849784583252
000016.SH,20230425,2619.2326,2621.0217,2629.7292,2596.5617,2618.4783,0.7543,0.0288,39516242.0,67135749.46,0.0002880680737356034,-0.04562703713113936,-0.007724589113610514,0.008266982965781001,-0.04562703713113936,-0.007724589113610514,0.008266982965781001
000016.SH,20230426,2617.9775,2614.9585,2627.5774,2605.1814,2619.2326,-1.2551,-0.0479,36961348.0,64329820.445,-0.0004791861555174526,-0.037762274517241345,-0.007867473906178812,0.008267027337615642,-0.037762274517241345,-0.007867473906178812,0.008267027337615642
000016.SH,20230427,2650.5699,2618.4568,2658.7764,2612.9221,2617.9775,32.5924,1.2449,36174826.0,74638147.867,0.012449457644307493,-0.020070482820593538,0.00544225603988191,0.008745959696741492,-0.020070482820593538,0.00544225603988191,0.008745959696741492
000016.SH,20230428,2677.7565,2653.1382,2683.4703,2653.1382,2650.5699,27.1866,1.0257,40548779.0,82332978.554,0.010256888528010544,0.008870997821951665,0.005083904925130112,0.008723956425466004,0.008870997821951665,0.005083904925130112,0.008723956425466004
000016.SH,20230504,2692.691,2663.4516,2696.5906,2654.2284,2677.7565,14.9345,0.5577,54055929.0,88583481.681,0.005577243487225214,0.028341919045118624,0.011559815271662721,0.008797738768579786,0.028341919045118624,0.011559815271662721,0.008797738768579786
000016.SH,20230505,2685.1732,2698.5897,2706.3267,2672.0302,2692.691,-7.5178,-0.2792,46797694.0,75424995.923,-0.002791928223475959,0.025175541874364438,0.007296331442064208,0.008827675694137765,0.025175541874364438,0.007296331442064208,0.008827675694137765
000016.SH,20230508,2720.323,2694.5675,2727.7333,2685.523,2685.1732,35.1498,1.309,63882547.0,94656572.711,0.013090328772832782,0.03909334591301872,0.016594571140146952,0.009249880418823176,0.03909334591301872,0.016594571140146952,0.009249880418823176
000016.SH,20230509,2703.937,2723.1877,2751.438,2702.7691,2720.323,-16.386,-0.6024,68807967.0,104858706.975,-0.006023549409389983,0.020134198309578633,0.01405960394199357,0.00932847914073627,0.020134198309578633,0.01405960394199357,0.00932847914073627
000016.SH,20230510,2673.9063,2698.7661,2706.2038,2669.7263,2703.937,-30.0307,-1.1106,54524777.0,76887282.421,-0.01110628686984938,-0.0014378454500997284,-0.0040804707340988955,0.009568237425469816,-0.0014378454500997284,-0.0040804707340988955,0.009568237425469816
000016.SH,20230511,2666.0615,2682.3779,2688.6895,2663.5412,2673.9063,-7.8448,-0.2934,32992010.0,54214783.13,-0.0029338350412654313,-0.009889549153616173,-0.00701964305228131,0.009588078206325358,-0.009889549153616173,-0.00701964305228131,0.009588078206325358
000016.SH,20230512,2630.9479,2662.8029,2668.8824,2630.2864,2666.0615,-35.1136,-1.3171,34912863.0,56724792.987,-0.013170588900518476,-0.020194339791563598,-0.018318956390073526,0.010008982176348187,-0.020194339791563598,-0.018318956390073526,0.010008982176348187
000016.SH,20230515,2677.0372,2628.4618,2677.2604,2619.5569,2630.9479,46.0893,1.7518,44553216.0,67150859.705,0.017518134813692132,-0.01591200750793187,0.0042268095572406406,0.01075048227208124,-0.01591200750793187,0.0042268095572406406,0.01075048227208124
000016.SH,20230516,2670.4505,2681.3948,2685.575,2661.9544,2677.0372,-6.5867,-0.246,33879998.0,57784756.971,-0.0024604439564755998,-0.012384349191567723,0.00016351974796835478,0.010762351502290258,-0.012384349191567723,0.00016351974796835478,0.010762351502290258
000016.SH,20230517,2649.3562,2666.0391,2673.0214,2642.6288,2670.4505,-21.0943,-0.7899,26249927.0,47819960.946,-0.00789915409403763,-0.009181361366327634,-0.01106790605116692,0.010874552578535559,-0.009181361366327634,-0.01106790605116692,0.010874552578535559
000016.SH,20230518,2644.2176,2653.0093,2665.2793,2634.6059,2649.3562,-5.1386,-0.194,31967361.0,48796865.06,-0.001939565544263222,-0.008193321871982295,-0.03247612308057091,0.00972882259423042,-0.008193321871982295,-0.03247612308057091,0.00972882259423042
000016.SH,20230519,2633.3861,2632.5883,2649.6908,2614.9581,2644.2176,-10.8315,-0.4096,29813860.0,51202780.896,-0.0040962967646837045,0.0009267382299740223,-0.040469909150231964,0.009644795675530131,0.0009267382299740223,-0.040469909150231964,0.009644795675530131
000016.SH,20230522,2658.7887,2630.1073,2669.2264,2628.7565,2633.3861,25.4026,0.9646,28098533.0,55198914.724,0.009646363668434299,-0.006816677780943858,-0.02276211647072568,0.009848384624374823,-0.006816677780943858,-0.02276211647072568,0.009848384624374823
000016.SH,20230523,2617.5398,2657.9211,2662.3855,2617.5398,2658.7887,-41.2489,-1.5514,30513962.0,50037096.912,-0.015514170042922215,-0.019813398525829196,-0.032281883072813766,0.010319745655190322,-0.019813398525829196,-0.032281883072813766,0.010319745655190322
000016.SH,20230524,2577.3423,2615.5652,2615.5652,2576.8258,2617.5398,-40.1975,-1.5357,36912434.0,56122423.125,-0.015356977571076569,-0.027181660208619896,-0.028961035878458774,0.010049389619579312,-0.027181660208619896,-0.028961035878458774,0.010049389619579312
000016.SH,20230525,2564.5045,2567.4484,2572.1883,2544.2705,2577.3423,-12.8378,-0.4981,31772049.0,51886473.422,-0.0049810225052372425,-0.030146195229923567,-0.02061265888665187,0.009686887501248694,-0.030146195229923567,-0.02061265888665187,0.009686887501248694
000016.SH,20230526,2559.6142,2562.548,2569.2254,2536.2635,2564.5045,-4.8903,-0.1907,24048616.0,42981691.427,-0.0019069180810562525,-0.028014084224109892,-0.022761781446977936,0.009684003661344405,-0.028014084224109892,-0.022761781446977936,0.009684003661344405
000016.SH,20230529,2548.2861,2565.5919,2566.8331,2536.9964,2559.6142,-11.3281,-0.4426,29439821.0,50638253.492,-0.004425706030229182,-0.04156125682345513,-0.026620320457299673,0.009710728788516792,-0.04156125682345513,-0.026620320457299673,0.009710728788516792
000016.SH,20230530,2535.1442,2546.1668,2553.9492,2508.2903,2548.2861,-13.1419,-0.5157,31874037.0,54485696.512,-0.005157152487705208,-0.031478260617087805,-0.04354750274648478,0.009182011737272795,-0.031478260617087805,-0.04354750274648478,0.009182011737272795
000016.SH,20230531,2493.3496,2524.7852,2525.1126,2485.8561,2535.1442,-41.7946,-1.6486,30754858.0,58844502.207,-0.016486083907968685,-0.03258888041375019,-0.06886619451768672,0.009222131171635076,-0.03258888041375019,-0.06886619451768672,0.009222131171635076
000016.SH,20230601,2500.3396,2487.7614,2522.8573,2487.7614,2493.3496,6.99,0.2803,32490221.0,53669168.85,0.002803457645891294,-0.025020388928933546,-0.0714346354631854,0.009098128964549526,-0.025020388928933546,-0.0714346354631854,0.009098128964549526
000016.SH,20230602,2543.5764,2511.6887,2547.0939,2511.3326,2500.3396,43.2368,1.7292,30418231.0,54465744.727,0.017292371004322904,-0.006265709887060322,-0.05273283674959972,0.010236172000598984,-0.006265709887060322,-0.05273283674959972,0.010236172000598984
000016.SH,20230605,2528.399,2540.0193,2542.4772,2522.7081,2543.5764,-15.1774,-0.5967,29734417.0,44621275.711,-0.005966952673408965,-0.007804108023820366,-0.0705519160776128,0.009557819226921109,-0.007804108023820366,-0.0705519160776128,0.009557819226921109
000016.SH,20230606,2519.1892,2528.1705,2560.0558,2516.4746,2528.399,-9.2098,-0.3643,30830596.0,50565080.231,-0.0036425421778761846,-0.006293527602887594,-0.06832548243542658,0.009540964741199365,-0.006293527602887594,-0.06832548243542658,0.009540964741199365
000016.SH,20230607,2511.3925,2528.8509,2537.2271,2506.1967,2519.1892,-7.7967,-0.3095,23479390.0,40035750.701,-0.003094924351057071,0.007236410008448102,-0.06077767197751105,0.00937099667505549,0.007236410008448102,-0.06077767197751105,0.00937099667505549
000016.SH,20230608,2540.0645,2512.4493,2549.3237,2504.102,2511.3925,28.672,1.1417,29033281.0,45311134.329,0.011416773761966814,0.015887801801003354,-0.04725959997546936,0.009916973546629952,0.015887801801003354,-0.04725959997546936,0.009916973546629952
000016.SH,20230609,2543.9316,2541.0262,2550.5863,2536.1848,2540.0645,3.8671,0.1522,29638600.0,52027286.215,0.0015224416545327468,0.0001396458938680567,-0.03307412510905294,0.009614453173519255,0.0001396458938680567,-0.03307412510905294,0.009614453173519255
000016.SH,20230612,2542.1962,2536.3759,2553.9938,2524.3125,2543.9316,-1.7354,-0.0682,36235161.0,57420125.818,-0.0006821724294788778,0.005456891890876392,-0.050369490569649344,0.008503149895358098,0.005456891890876392,-0.050369490569649344,0.008503149895358098
000016.SH,20230613,2544.9504,2535.9888,2547.8509,2523.9744,2542.1962,2.7542,0.1083,29331674.0,47244641.394,0.0010833939567687079,0.010225988583946188,-0.04699585332137768,0.0085418718528275,0.010225988583946188,-0.04699585332137768,0.0085418718528275
000016.SH,20230614,2541.8134,2549.6657,2564.3415,2540.5795,2544.9504,-3.137,-0.1233,33883066.0,57839059.906,-0.0012326369897033285,0.012113160328383499,-0.040592050249792844,0.00844423733397788,0.012113160328383499,-0.040592050249792844,0.00844423733397788
000016.SH,20230615,2576.7424,2547.4931,2576.7424,2546.2124,2541.8134,34.929,1.3742,32520795.0,64384484.181,0.013741764049241434,0.014439751431508885,-0.02551802090720512,0.009152015705846575,0.014439751431508885,-0.02551802090720512,0.009152015705846575
000016.SH,20230616,2600.9191,2581.9668,2604.6346,2581.7748,2576.7424,24.1767,0.9383,35861299.0,67728823.524,0.009382660835634882,0.0224013491557713,-0.012328993458270321,0.009423783611090206,0.0224013491557713,-0.012328993458270321,0.009423783611090206
000016.SH,20230619,2560.5289,2591.3342,2591.3342,2556.8878,2600.9191,-40.3902,-1.5529,36473350.0,60383661.948,-0.015529202734525738,0.00721136315127846,-0.03695660358418107,0.009664535275907,0.00721136315127846,-0.03695660358418107,0.009664535275907
000016.SH,20230620,2547.2541,2558.0983,2564.5449,2544.0476,2560.5289,-13.2748,-0.5184,28713670.0,48101831.19,-0.0051843976453457286,0.0009052042821737771,-0.02685181711468143,0.00915785503672163,0.0009052042821737771,-0.02685181711468143,0.00915785503672163
000016.SH,20230621,2519.0787,2536.951,2548.9254,2519.0787,2547.2541,-28.1754,-1.1061,32391757.0,51235420.03,-0.011061087309664153,-0.008944283636241779,-0.02260607758620181,0.008856727509827547,-0.008944283636241779,-0.02260607758620181,0.008856727509827547
000016.SH,20230626,2488.7383,2500.8549,2503.1134,2482.6065,2519.0787,-30.3404,-1.2044,31879471.0,50260727.995,-0.012044244588309216,-0.034153239376974676,-0.029544186800998018,0.009155194907837257,-0.034153239376974676,-0.029544186800998018,0.009155194907837257
000016.SH,20230627,2506.5991,2490.9775,2513.9844,2481.7467,2488.7383,17.8608,0.7177,32448209.0,46624060.192,0.007176648504987337,-0.03626410371625943,-0.020712144822450207,0.00935491564104487,-0.03626410371625943,-0.020712144822450207,0.00935491564104487
000016.SH,20230628,2510.7153,2501.1627,2511.6156,2491.2549,2506.5991,4.1162,0.1642,27910636.0,45695510.039,0.001642145327507727,-0.019454418186805045,-0.014743556463302943,0.009336493664398088,-0.019454418186805045,-0.014743556463302943,0.009336493664398088
000016.SH,20230629,2490.8971,2510.8894,2513.5512,2490.6374,2510.7153,-19.8182,-0.7893,24269593.0,43022267.369,-0.007893447735790593,-0.02212460861285881,-0.017453484500013827,0.009424860406079913,-0.02212460861285881,-0.017453484500013827,0.009424860406079913
000016.SH,20230630,2492.102,2484.6471,2508.2453,2482.486,2490.8971,1.2049,0.0484,24104247.0,42135282.856,0.0004837213066728463,-0.010708954825428885,-0.0005003710670978823,0.008676073740350471,-0.010708954825428885,-0.0005003710670978823,0.008676073740350471
000016.SH,20230703,2534.4735,2496.9222,2537.6938,2496.4289,2492.102,42.3715,1.7002,34624875.0,57132259.417,0.01700231370947103,0.01837686188218357,0.013651705552317983,0.009461963322269604,0.01837686188218357,0.013651705552317983,0.009461963322269604
000016.SH,20230704,2537.5956,2532.5929,2539.818,2525.3805,2534.4735,3.1221,0.1232,31286966.0,52126055.072,0.0012318534796280645,0.012365958321775672,-0.0023513349156721874,0.008626117098113431,0.012365958321775672,-0.0023513349156721874,0.008626117098113431
000016.SH,20230705,2520.1751,2533.1936,2537.1949,2514.0871,2537.5956,-17.4205,-0.6865,30813953.0,45550021.583,-0.006864963038239913,0.003767770881867749,-0.0032526116328949195,0.008660627537071898,0.003767770881867749,-0.0032526116328949195,0.008660627537071898
000016.SH,20230706,2501.3167,2513.4349,2525.5565,2495.9099,2520.1751,-18.8584,-0.7483,26487658.0,41017249.402,-0.007482972115707365,0.004183071231645741,-0.00709454454631675,0.008784359589210575,0.004183071231645741,-0.00709454454631675,0.008784359589210575
000016.SH,20230707,2489.5351,2493.4877,2500.5787,2484.8914,2501.3167,-11.7816,-0.471,24025853.0,38938932.143,-0.0047101592533244085,-0.001030014020292791,-0.008703299066155523,0.008818579507377558,-0.001030014020292791,-0.008703299066155523,0.008818579507377558
000016.SH,20230710,2503.2767,2501.5277,2520.1486,2495.8671,2489.5351,13.7416,0.552,24539131.0,49665437.57,0.005519745433595125,-0.012308986462079896,-0.01448301804934482,0.008495345841969489,-0.012308986462079896,-0.01448301804934482,0.008495345841969489
000016.SH,20230711,2518.5282,2513.7126,2521.0489,2504.2001,2503.2767,15.2515,0.6093,22815691.0,42603358.961,0.006092614531985285,-0.007513963217779862,-0.009985881695875665,0.00861869698361614,-0.007513963217779862,-0.009985881695875665,0.00861869698361614
000016.SH,20230712,2513.417,2516.6806,2529.5326,2510.1589,2518.5282,-5.1112,-0.2029,30323021.0,54934620.605,-0.0020294392574203846,-0.002681599385693456,-0.011320605388364546,0.008625734253556339,-0.002681599385693456,-0.011320605388364546,0.008625734253556339
000016.SH,20230713,2546.3809,2519.3819,2547.782,2519.3819,2513.417,32.9639,1.3115,34374789.0,62647470.869,0.013115173486930365,0.018016191232401724,0.0005620934694836599,0.009148204132991925,0.018016191232401724,0.0005620934694836599,0.009148204132991925
000016.SH,20230714,2547.9393,2554.6419,2556.8487,2543.1841,2546.3809,1.5584,0.0612,36353195.0,53084177.594,0.0006120058472005585,0.023459882128193277,0.0024100510289228882,0.009143700765231263,0.023459882128193277,0.0024100510289228882,0.009143700765231263
000016.SH,20230717,2520.7864,2535.6389,2535.6389,2511.3565,2547.9393,-27.1529,-1.0657,31735395.0,42315771.385,-0.010656808033064236,0.006994712170652173,-0.021715791225386027,0.008859471005241112,0.006994712170652173,-0.021715791225386027,0.008859471005241112
000016.SH,20230718,2511.6351,2520.6224,2520.6224,2503.5212,2520.7864,-9.1513,-0.363,26681996.0,39420796.447,-0.003630335358838832,-0.0027369556552911956,-0.03432786509968733,0.008523674986327693,-0.0027369556552911956,-0.03432786509968733,0.008523674986327693
000016.SH,20230719,2517.106,2506.4151,2518.9013,2503.3425,2511.6351,5.4709,0.2178,22119097.0,37415209.259,0.002178222465516688,0.0014677230240744965,-0.016958566646132933,0.00791034339969015,0.0014677230240744965,-0.016958566646132933,0.00791034339969015
000016.SH,20230720,2506.863,2523.2684,2535.6087,2503.4795,2517.106,-10.243,-0.4069,24549000.0,42610044.495,-0.004069355839603217,-0.015519241445771215,-0.01585672195011889,0.007881880728834785,-0.015519241445771215,-0.01585672195011889,0.007881880728834785
000016.SH,20230721,2509.2927,2501.3999,2527.2801,2496.8134,2506.863,2.4297,0.0969,22413005.0,45052392.11,0.0009692192991799242,-0.015167786767918745,-0.003884753580743694,0.007505173063051671,-0.015167786767918745,-0.003884753580743694,0.007505173063051671
000016.SH,20230724,2499.9998,2492.2164,2509.7773,2492.1859,2509.2927,-9.2929,-0.3703,19065789.0,34856260.188,-0.003703394187533404,-0.008246077493912152,0.004524983603137356,0.0070270101154484505,-0.008246077493912152,0.004524983603137356,0.0070270101154484505
000016.SH,20230725,2578.3511,2539.4846,2578.9601,2539.4846,2499.9998,78.3513,3.1341,40357653.0,79008147.71,0.03134052250724162,0.026562775779013448,0.0286252396723512,0.009807858373146959,0.026562775779013448,0.0286252396723512,0.009807858373146959
000016.SH,20230726,2576.3902,2574.8065,2581.2533,2564.8874,2578.3511,-1.9609,-0.0761,26070635.0,44788260.4,-0.000760524817585928,0.023552524208356518,0.026157844340216396,0.009820182570434316,0.023552524208356518,0.026157844340216396,0.009820182570434316
000016.SH,20230727,2575.3646,2580.2428,2596.3259,2569.0985,2576.3902,-1.0256,-0.0398,29762572.0,49060162.845,-0.00039807634728616925,0.02732562569234931,0.0339104734595419,0.009589690272856225,0.02732562569234931,0.0339104734595419,0.009589690272856225
000016.SH,20230728,2647.0315,2564.8738,2653.2579,2563.1555,2575.3646,71.6669,2.7828,48566528.0,86726876.2,0.027827865615610348,0.05489148396279164,0.06216820178307314,0.011216593505640356,0.05489148396279164,0.06216820178307314,0.011216593505640356
000016.SH,20230731,2653.369,2666.4857,2700.7393,2644.0947,2647.0315,6.3375,0.2394,51744806.0,99450613.4,0.0023941913800422654,0.061347684907814726,0.046911321029791786,0.010727174024667892,0.061347684907814726,0.046911321029791786,0.010727174024667892
000016.SH,20230801,2645.8929,2652.2365,2670.2477,2636.1522,2653.369,-7.4761,-0.2818,39178875.0,68052476.6,-0.0028175877535315808,0.026195734165141316,0.042677131060599116,0.010787411850009428,0.026195734165141316,0.042677131060599116,0.010787411850009428
000016.SH,20230802,2620.6844,2635.5453,2651.1836,2612.3457,2645.8929,-25.2085,-0.9527,37123029.0,56598618.438,-0.009527407553041822,0.017192349202384216,0.039881871700105265,0.010920080429632984,0.017192349202384216,0.039881871700105265,0.010920080429632984
000016.SH,20230803,2645.1526,2617.7909,2647.3594,2612.3989,2620.6844,24.4682,0.9337,34042304.0,63279356.036,0.009336568722277283,0.027098299013661897,0.057504073754435,0.010797235057830906,0.027098299013661897,0.057504073754435,0.010797235057830906
000016.SH,20230804,2648.8447,2664.5865,2680.7437,2646.1524,2645.1526,3.6921,0.1396,48203634.0,84194647.953,0.0013957984881478591,0.0006849937373243353,0.06399170672468135,0.01065751345215865,0.0006849937373243353,0.06399170672468135,0.01065751345215865
000016.SH,20230807,2634.5809,2635.7775,2636.6929,2622.674,2648.8447,-14.2638,-0.5385,31748609.0,55108582.243,-0.005384913656885981,-0.007080847028815174,0.05245293099240689,0.010808278604494407,-0.007080847028815174,0.05245293099240689,0.010808278604494407
000016.SH,20230808,2631.3774,2625.6672,2646.5966,2610.8068,2634.5809,-3.2035,-0.1216,27366486.0,50836904.224,-0.0012159429228383312,-0.005486049718792518,0.044807598342555544,0.010808035427302898,-0.005486049718792518,0.044807598342555544,0.010808035427302898
000016.SH,20230809,2628.7041,2623.1513,2638.0859,2622.0638,2631.3774,-2.6733,-0.1016,23987307.0,43024801.753,-0.0010159318081852664,0.0030601548206261597,0.04586867201105105,0.010789280184304072,0.0030601548206261597,0.04586867201105105,0.010789280184304072
000016.SH,20230810,2629.4432,2623.7991,2632.5732,2609.8236,2628.7041,0.7391,0.0281,24628325.0,42538513.296,0.0002811651566261286,-0.005938939023782508,0.03261974671581935,0.010489646909096689,-0.005938939023782508,0.03261974671581935,0.010489646909096689
000016.SH,20230811,2568.8984,2630.9874,2631.8013,2568.8984,2629.4432,-60.5448,-2.3026,35996802.0,56193241.344,-0.02302571129887887,-0.030181573121293215,0.008225902398852236,0.011856298382227732,-0.030181573121293215,0.008225902398852236,0.011856298382227732
000016.SH,20230814,2549.2843,2538.8476,2554.3945,2526.0695,2568.8984,-19.6141,-0.7635,33544098.0,51938867.449,-0.007635218270991229,-0.032375775592998535,0.01130516254768743,0.01172550323953355,-0.032375775592998535,0.01130516254768743,0.01172550323953355
000016.SH,20230815,2546.442,2550.9372,2556.0034,2522.2378,2549.2843,-2.8423,-0.1115,27888491.0,46065116.622,-0.001114940377579643,-0.03227792410165109,0.013858263089252087,0.011690874539255398,-0.03227792410165109,0.013858263089252087,0.011690874539255398
000016.SH,20230816,2530.8097,2533.9013,2549.9444,2529.4349,2546.442,-15.6323,-0.6139,25629806.0,44756946.069,-0.0061388792676213555,-0.03724055514654545,0.005444228411516816,0.011785043822893679,-0.03724055514654545,0.005444228411516816,0.011785043822893679
000016.SH,20230817,2536.4891,2516.745,2540.5376,2507.9033,2530.8097,5.6794,0.2244,24783544.0,44195356.241,0.0022441039324292422,-0.03535124850766902,0.011817997233993127,0.011745296028031633,-0.03535124850766902,0.011817997233993127,0.011745296028031633
000016.SH,20230818,2507.5798,2537.1357,2545.8023,2507.5798,2536.4891,-28.9093,-1.1397,26305781.0,44099171.462,-0.011397368118002071,-0.023869608856465496,-0.0006826226370483246,0.012049330849986647,-0.023869608856465496,-0.0006826226370483246,0.012049330849986647
000016.SH,20230821,2475.0897,2498.1276,2508.9589,2475.0897,2507.5798,-32.4901,-1.2957,28643647.0,47508877.684,-0.01295675615188796,-0.029104090116586767,-0.00996404079712332,0.012373689183817888,-0.029104090116586767,-0.00996404079712332,0.012373689183817888
000016.SH,20230822,2493.7638,2485.5578,2505.0268,2464.2796,2475.0897,18.6741,0.7545,41261520.0,58477808.003,0.0075448174666155055,-0.020686982071454918,-0.03280674226252578,0.010091812721510145,-0.020686982071454918,-0.03280674226252578,0.010091812721510145
000016.SH,20230823,2461.1872,2491.368,2498.3189,2459.3279,2493.7638,-32.5766,-1.3063,29654617.0,43379265.151,-0.013063225955882607,-0.027509970425670494,-0.044714888296035316,0.010406812713019803,-0.027509970425670494,-0.044714888296035316,0.010406812713019803
000016.SH,20230824,2480.7518,2468.3246,2497.1923,2466.8603,2461.1872,19.5646,0.7949,36665820.0,51892678.971,0.007949253108418652,-0.021974192595584086,-0.03673763318793766,0.010648861866111024,-0.021974192595584086,-0.03673763318793766,0.010648861866111024
000016.SH,20230825,2485.3343,2468.7355,2502.1944,2466.5471,2480.7518,4.5825,0.1847,30085353.0,45300298.181,0.0018472222815679729,-0.008871302919253088,-0.0610862394346271,0.008128822499740548,-0.008871302919253088,-0.0610862394346271,0.008128822499740548
000016.SH,20230828,2518.1857,2612.3112,2612.9783,2507.978,2485.3343,32.8514,1.3218,54527239.0,94406029.788,0.013218101082015377,0.017411894203268607,-0.05094779504848368,0.008843788557886685,0.017411894203268607,-0.05094779504848368,0.008843788557886685
000016.SH,20230829,2529.2228,2512.3171,2546.686,2511.7912,2518.1857,11.0371,0.4383,39909534.0,64006134.47,0.004382957142517352,0.014219069183697197,-0.04409479310368147,0.008978877506738314,0.014219069183697197,-0.04409479310368147,0.008978877506738314
000016.SH,20230830,2522.5419,2540.8405,2540.8405,2518.655,2529.2228,-6.6809,-0.2641,35817962.0,55190681.774,-0.0026414833837492546,0.024928904229633675,-0.03744918693758015,0.00881418729716339,0.024928904229633675,-0.03744918693758015,0.00881418729716339
000016.SH,20230831,2510.4577,2526.6858,2532.1746,2505.8259,2522.5419,-12.0842,-0.479,29685202.0,46242837.373,-0.004790485343375339,0.011974555455326108,-0.05092140997838834,0.008426415266347624,0.011974555455326108,-0.05092140997838834,0.008426415266347624
000016.SH,20230901,2532.2541,2520.6987,2544.0519,2520.6987,2510.4577,21.7964,0.8682,29082104.0,46333399.436,0.008682241489271103,0.01887866754987444,-0.04401564198912833,0.008758158149725005,0.01887866754987444,-0.04401564198912833,0.008758158149725005
000016.SH,20230904,2577.4651,2550.1716,2583.6651,2547.5922,2532.2541,45.211,1.7854,40656936.0,67613130.118,0.017854053430103933,0.02354051966858517,-0.021679273542141053,0.009795157401889278,0.02354051966858517,-0.021679273542141053,0.009795157401889278
000016.SH,20230905,2561.7902,2569.7582,2569.7582,2557.9667,2577.4651,-15.6749,-0.6082,26684673.0,47627591.859,-0.006081517844800266,0.01287644568125823,-0.02644516138201991,0.009859715712672861,0.01287644568125823,-0.02644516138201991,0.009859715712672861
000016.SH,20230906,2559.3574,2553.5942,2564.427,2544.6021,2561.7902,-2.4328,-0.095,23862054.0,41578603.692,-0.0009496484138318273,0.014594603958808294,-0.02638056523744914,0.009859824842909667,0.014594603958808294,-0.02638056523744914,0.009859824842909667
000016.SH,20230907,2534.1555,2552.363,2552.8568,2531.1017,2559.3574,-25.2019,-0.9847,25242432.0,40426844.367,-0.009846963929305064,0.009439633258907287,-0.036238736778950176,0.010033469480249297,0.009439633258907287,-0.036238736778950176,0.010033469480249297
000016.SH,20230908,2519.9694,2527.4581,2529.8508,2512.4105,2534.1555,-14.1861,-0.5598,18042629.0,28609593.223,-0.00559795955694109,-0.004851290397752783,-0.019046685536493024,0.00876988463356865,-0.004851290397752783,-0.019046685536493024,0.00876988463356865
000016.SH,20230911,2536.1714,2519.2958,2550.0086,2519.2958,2519.9694,16.202,0.6429,24454024.0,42516632.132,0.006429443151174885,-0.016021051070681747,-0.005143757406735561,0.008767358855353838,-0.016021051070681747,-0.005143757406735561,0.008767358855353838
000016.SH,20230912,2531.8257,2533.5963,2538.69,2527.3367,2536.1714,-4.3457,-0.1713,20584905.0,31996953.374,-0.0017134882918403704,-0.011696703344403425,-0.005739891189353696,0.00877159021320912,-0.011696703344403425,-0.005739891189353696,0.00877159021320912
000016.SH,20230913,2524.5413,2536.3867,2543.1243,2510.0943,2531.8257,-7.2844,-0.2877,24199656.0,37205544.36,-0.002877133287650935,-0.013603453741943161,-0.002476835773151942,0.008686269952367457,-0.013603453741943161,-0.002476835773151942,0.008686269952367457
000016.SH,20230914,2530.9791,2529.1927,2539.6722,2519.4023,2524.5413,6.4378,0.255,31215489.0,41657844.965,0.0025500870197687764,-0.0012534353160252865,-0.0021722939791066764,0.008690862286950369,-0.0012534353160252865,-0.0021722939791066764,0.008690862286950369
000016.SH,20230915,2514.9794,2538.2582,2546.423,2508.2388,2530.9791,-15.9997,-0.6322,33666399.0,53188347.631,-0.006321545681669094,-0.001980182775235151,0.002950893128107035,0.008412410570416426,-0.001980182775235151,0.002950893128107035,0.008412410570416426
000016.SH,20230918,2531.8974,2509.1464,2532.429,2503.0212,2514.9794,16.918,0.6727,25420942.0,43600334.282,0.0067268940652156495,-0.0016852173319201746,0.022951774232667033,0.00793222663264118,-0.0016852173319201746,0.022951774232667033,0.00793222663264118
000016.SH,20230919,2532.2789,2529.4833,2533.7876,2517.3982,2531.8974,0.3815,0.0151,22940704.0,34756093.385,0.00015067751165576126,0.0001790012637914451,0.015444566161398221,0.007790272201095873,0.0001790012637914451,0.015444566161398221,0.007790272201095873
000016.SH,20230920,2521.562,2527.7502,2529.0204,2519.1328,2532.2789,-10.7169,-0.4232,22882473.0,30949026.888,-0.004232116770392036,-0.0011801351794086257,0.024530763039885883,0.007190614957435819,-0.0011801351794086257,0.024530763039885883,0.007190614957435819
000016.SH,20230921,2495.7393,2515.468,2519.9105,2495.7393,2521.562,-25.8227,-1.0241,23891417.0,35084379.139,-0.010240755531690127,-0.013923386408050464,0.006041515318058188,0.00744287743791459,-0.013923386408050464,0.006041515318058188,0.00744287743791459
000016.SH,20230922,2550.9827,2498.2434,2550.9827,2489.3225,2495.7393,55.2434,2.2135,32978575.0,53822484.498,0.022135084381609715,0.014315544691936521,0.026414313760527053,0.008900668994679412,0.014315544691936521,0.026414313760527053,0.008900668994679412
000016.SH,20230925,2529.1496,2548.8881,2548.8881,2526.0677,2550.9827,-21.8331,-0.8559,25569881.0,41022034.524,-0.008558701711305128,-0.0010852730446342385,0.004353888595269195,0.008701116604477296,-0.0010852730446342385,0.004353888595269195,0.008701116604477296
000016.SH,20230926,2513.4072,2526.3517,2534.2034,2512.0273,2529.1496,-15.7424,-0.6224,23341964.0,33802411.628,-0.006224384670641903,-0.007452457152330116,-0.006253146223416883,0.008759214609021092,-0.007452457152330116,-0.006253146223416883,0.008759214609021092
000016.SH,20230927,2520.1395,2515.8197,2538.6839,2514.2311,2513.4072,6.7323,0.2679,27540832.0,46635013.457,0.0026785552297297066,-0.0005641344531681636,-0.0009523726840771074,0.00876442105901415,-0.0005641344531681636,-0.0009523726840771074,0.00876442105901415
000016.SH,20230928,2507.0857,2530.2283,2531.0671,2504.2105,2520.1395,-13.0538,-0.518,24916691.0,41444247.962,-0.005179792626558988,0.00454630818210866,-0.0013431813648960844,0.008776018501876894,0.00454630818210866,-0.0013431813648960844,0.008776018501876894
000016.SH,20231009,2499.5666,2497.4745,2504.0202,2474.8139,2507.0857,-7.5191,-0.2999,27608360.0,45052515.778,-0.0029991395986184166,-0.020155409129195556,-0.0129084596999961,0.008551459073590654,-0.020155409129195556,-0.0129084596999961,0.008551459073590654
000016.SH,20231010,2482.5345,2510.5059,2513.8542,2481.3944,2499.5666,-17.0321,-0.6814,28702040.0,40996551.73,-0.006814021278728877,-0.018431135904337204,-0.03683099336631157,0.007456265082740517,-0.018431135904337204,-0.03683099336631157,0.007456265082740517
000016.SH,20231011,2490.855,2497.5609,2502.6334,2486.3721,2482.5345,8.3205,0.3352,26372287.0,43693282.38,0.0033516150530836786,-0.00897276016397186,-0.027689699179893723,0.007472729641853132,-0.00897276016397186,-0.027689699179893723,0.007472729641853132
000016.SH,20231012,2514.3904,2518.8323,2524.201,2504.3659,2490.855,23.5354,0.9449,33661372.0,46137733.403,0.009448723430308226,-0.0022812626047089557,-0.01756964463032773,0.007855914490273702,-0.0022812626047089557,-0.01756964463032773,0.007855914490273702
000016.SH,20231013,2489.1251,2495.147,2499.0652,2482.8858,2514.3904,-25.2653,-1.0048,25792374.0,39705090.266,-0.010048280489776018,-0.0071639354011711065,-0.01776939102592545,0.00786815941317502,-0.0071639354011711065,-0.01776939102592545,0.00786815941317502
000016.SH,20231016,2468.4363,2490.916,2491.6218,2461.3782,2489.1251,-20.6888,-0.8312,25080812.0,40453213.979,-0.008311675455765721,-0.012454279073820351,-0.020449891177250046,0.007976692166741411,-0.012454279073820351,-0.020449891177250046,0.007976692166741411
000016.SH,20231017,2478.9047,2474.1244,2480.9358,2462.3699,2468.4363,10.4684,0.4241,23488548.0,35668258.928,0.004240903441583788,-0.0014621347659016237,-0.022579980201653638,0.007883843457582355,-0.0014621347659016237,-0.022579980201653638,0.007883843457582355
000016.SH,20231018,2467.1915,2471.5883,2478.681,2463.6584,2478.9047,-11.7132,-0.4725,24591894.0,35566080.452,-0.004725151394484928,-0.009500151554385994,-0.02552869259522883,0.007924594586635634,-0.009500151554385994,-0.02552869259522883,0.007924594586635634
000016.SH,20231019,2401.9299,2450.1695,2450.1837,2400.1921,2467.1915,-65.2616,-2.6452,31149685.0,53932887.048,-0.02645177725360992,-0.044726745695497505,-0.04856779328585348,0.009725952451125293,-0.044726745695497505,-0.04856779328585348,0.009725952451125293
000016.SH,20231020,2389.2196,2394.6194,2402.7855,2379.7419,2401.9299,-12.7103,-0.5292,27929409.0,44439808.493,-0.005291703142543902,-0.040136793446018615,-0.056009747374049845,0.009672059541693798,-0.040136793446018615,-0.056009747374049845,0.009672059541693798
000016.SH,20231023,2369.9347,2380.3025,2390.8031,2351.4457,2389.2196,-19.2849,-0.8072,26469956.0,38190471.529,-0.00807163142308065,-0.039904452871641904,-0.05767232129217459,0.009713108327489258,-0.039904452871641904,-0.05767232129217459,0.009713108327489258
000016.SH,20231024,2378.4389,2374.8732,2382.7283,2355.5884,2369.9347,8.5042,0.3588,31452286.0,43320643.064,0.0035883689115991935,-0.04052830268142216,-0.060610078433667836,0.00957338290184265,-0.04052830268142216,-0.060610078433667836,0.00957338290184265
000016.SH,20231025,2386.3026,2402.7489,2408.8921,2383.1006,2378.4389,7.8637,0.3306,39991649.0,52062704.974,0.003306244276445325,-0.0327858214492065,-0.057646217405199596,0.009655046039150536,-0.0327858214492065,-0.057646217405199596,0.009655046039150536
000016.SH,20231026,2393.7344,2375.0391,2394.986,2372.5398,2386.3026,7.4318,0.3114,28462666.0,41362772.536,0.003114357751611063,-0.0034120479536060566,-0.050693815975970447,0.009741855945650375,-0.0034120479536060566,-0.050693815975970447,0.009741855945650375
000016.SH,20231027,2414.9125,2383.989,2426.8005,2380.3353,2393.7344,21.1781,0.8847,31647536.0,56934794.165,0.008847305699412722,0.010753678732587035,-0.0323859146666482,0.009883015778473012,0.010753678732587035,-0.0323859146666482,0.009883015778473012
000016.SH,20231030,2414.1562,2406.9459,2420.9821,2403.2672,2414.9125,-0.7563,-0.0313,39706697.0,62284481.834,-0.00031317904893035653,0.018659374876446977,-0.053636780837439724,0.008172449900559658,0.018659374876446977,-0.053636780837439724,0.008172449900559658
000016.SH,20231031,2411.4794,2409.8949,2416.5736,2400.2607,2414.1562,-2.6768,-0.1109,31393681.0,53329675.794,-0.0011087932089893782,0.013891674913322438,-0.04652559896021968,0.008061377247039292,0.013891674913322438,-0.04652559896021968,0.008061377247039292
000016.SH,20231101,2420.7346,2456.3813,2456.3813,2416.6765,2411.4794,9.2552,0.3838,25950506.0,57125465.298,0.0038379759744162634,0.014429016672068196,-0.036871303623225216,0.008120510491357879,0.014429016672068196,-0.036871303623225216,0.008120510491357879
000016.SH,20231102,2417.459,2429.7186,2440.336,2416.6627,2420.7346,-3.2756,-0.1353,25313330.0,40772219.416,-0.001353142967428167,0.009911124642733915,-0.040743974688702944,0.008052058653205746,0.009911124642733915,-0.040743974688702944,0.008052058653205746
000016.SH,20231103,2436.9411,2419.6868,2443.3006,2418.9187,2417.459,19.4821,0.8059,24430249.0,42330072.254,0.008058916407682748,0.00912190400273305,-0.027978540980868827,0.00832061412149575,0.00912190400273305,-0.027978540980868827,0.00832061412149575
000016.SH,20231106,2456.7745,2452.8399,2460.7626,2443.391,2436.9411,19.8334,0.8139,39448493.0,63490178.327,0.008138645616014184,0.01765349731719934,-0.017119807889895866,0.00857568485912381,0.01765349731719934,-0.017119807889895866,0.00857568485912381
000016.SH,20231107,2443.9657,2450.2667,2450.3829,2436.3751,2456.7745,-12.8088,-0.5214,25409512.0,43645744.045,-0.005213665316047389,0.013471522916596257,-0.015536058008458697,0.008524200859398938,0.013471522916596257,-0.015536058008458697,0.008524200859398938
000016.SH,20231108,2436.6983,2436.8736,2448.8691,2426.1953,2443.9657,-7.2674,-0.2974,25416171.0,45724471.95,-0.0029736096541781443,0.006594568442158222,-0.02174221301520962,0.008481331334673159,0.006594568442158222,-0.02174221301520962,0.008481331334673159
000016.SH,20231109,2436.2349,2428.508,2444.3506,2427.6412,2436.6983,-0.4634,-0.019,28423914.0,48916592.498,-0.00019017536967957938,0.007766791494705938,-0.03108327966890112,0.008118615108584972,0.007766791494705938,-0.03108327966890112,0.008118615108584972
000016.SH,20231110,2414.0167,2424.4922,2428.1184,2409.0447,2436.2349,-22.2182,-0.912,24477685.0,39070613.073,-0.009119892338788738,-0.009407039012965801,-0.0301746183829813,0.008069951727950728,-0.009407039012965801,-0.0301746183829813,0.008069951727950728
000016.SH,20231113,2407.5885,2415.9565,2421.1726,2396.306,2414.0167,-6.4282,-0.2663,23455482.0,37683961.41,-0.0026628647598007094,-0.020020559477477495,-0.024650342405027836,0.007916377012570131,-0.020020559477477495,-0.024650342405027836,0.007916377012570131
000016.SH,20231114,2406.3969,2410.4772,2419.218,2397.1803,2407.5885,-1.1916,-0.0495,23421802.0,37907956.031,-0.0004949350771528138,-0.015372065164417026,-0.029249934456939686,0.007814700642163571,-0.015372065164417026,-0.029249934456939686,0.007814700642163571
000016.SH,20231115,2427.1241,2428.8202,2431.8253,2419.6361,2406.3969,20.7272,0.8613,24622131.0,43282231.776,0.008613375457722672,-0.0039291692369137765,-0.016240085133237492,0.008085319552503894,-0.0039291692369137765,-0.016240085133237492,0.008085319552503894
000016.SH,20231116,2404.3187,2422.8485,2425.3029,2402.1079,2427.1241,-22.8054,-0.9396,22200157.0,33479906.673,-0.009396058487491477,-0.013100625066983507,0.000994533603998926,0.005817242874597875,-0.013100625066983507,0.000994533603998926,0.005817242874597875
000016.SH,20231117,2398.2037,2396.5932,2401.7916,2379.3321,2404.3187,-6.115,-0.2543,22301093.0,33944865.47,-0.0025433400322510957,-0.006550493209098396,0.0037602654858515105,0.0057155982418946386,-0.006550493209098396,0.0037602654858515105,0.0057155982418946386
000016.SH,20231120,2404.7673,2399.764,2413.3088,2383.5592,2398.2037,6.5636,0.2737,21238673.0,34814050.597,0.0027368817753052888,-0.001171794930902803,0.014697704540129308,0.005393947962648638,-0.001171794930902803,0.014697704540129308,0.005393947962648638
000016.SH,20231121,2416.241,2415.1327,2432.7708,2412.0053,2404.7673,11.4737,0.4771,26462616.0,42629214.174,0.004771230879594857,0.0040908048044774326,0.015893660333254678,0.005433124093590417,0.0040908048044774326,0.015893660333254678,0.005433124093590417
000016.SH,20231122,2396.904,2408.9768,2414.2358,2396.904,2416.241,-19.337,-0.8003,21724455.0,30301268.541,-0.00800292686035875,-0.012450990866103684,0.004442605057715543,0.00573876852099911,-0.012450990866103684,0.004442605057715543,0.00573876852099911
000016.SH,20231123,2405.1654,2393.4946,2407.1978,2386.5753,2396.904,8.2614,0.3447,19801601.0,29966318.053,0.0034466962381471955,0.000352157973067424,0.004775383601455463,0.005748011351951073,0.000352157973067424,0.004775383601455463,0.005748011351951073
000016.SH,20231124,2391.0208,2403.9218,2403.9218,2390.1672,2405.1654,-14.1446,-0.5881,20234203.0,29471977.497,-0.005880926110112927,-0.00299511672006858,-0.009893401934852775,0.005528381985217026,-0.00299511672006858,-0.009893401934852775,0.005528381985217026
000016.SH,20231127,2370.7186,2387.9822,2387.9822,2357.0895,2391.0208,-20.3022,-0.8491,26821001.0,40568738.453,-0.008491017727658257,-0.01415883358028025,-0.017992870552452134,0.005810431403207179,-0.01415883358028025,-0.017992870552452134,0.005810431403207179
000016.SH,20231128,2371.212,2368.9202,2374.968,2361.7417,2370.7186,0.4934,0.0208,20064514.0,32101797.71,0.0002081225498462569,-0.018635972156750946,-0.01669821438242436,0.005815297775333626,-0.018635972156750946,-0.01669821438242436,0.005815297775333626
000016.SH,20231129,2358.1163,2374.0329,2374.3573,2351.1002,2371.212,-13.0957,-0.5523,25739104.0,38604709.47,-0.00552278750276225,-0.016182416984576675,-0.025867478409239753,0.005796871745977809,-0.016182416984576675,-0.025867478409239753,0.005796871745977809
000016.SH,20231130,2365.9963,2358.2063,2370.949,2354.6865,2358.1163,7.88,0.3342,25642019.0,37341817.61,0.003341650282473241,-0.016285408063827944,-0.021287930839778535,0.005888661795508738,-0.016285408063827944,-0.021287930839778535,0.005888661795508738
000016.SH,20231201,2352.0003,2362.6263,2362.6263,2330.7389,2365.9963,-13.996,-0.5915,28357550.0,45326081.31,-0.005915478396986362,-0.01631959872536437,-0.034855499790290345,0.005570315373518731,-0.01631959872536437,-0.034855499790290345,0.005570315373518731
000016.SH,20231204,2333.8788,2351.3111,2353.0,2332.849,2352.0003,-18.1215,-0.7705,23004550.0,38447058.076,-0.007704718405010524,-0.015539507725632284,-0.050023190976624,0.005203355448161027,-0.015539507725632284,-0.050023190976624,0.005203355448161027
000016.SH,20231205,2286.5809,2327.3356,2327.3356,2285.9628,2333.8788,-47.2979,-2.0266,25193874.0,42196912.811,-0.020265791008513445,-0.03569107275098138,-0.06439730312090719,0.006528711628086897,-0.03569107275098138,-0.06439730312090719,0.006528711628086897
000016.SH,20231206,2284.0636,2281.7323,2298.295,2275.2818,2286.5809,-2.5173,-0.1101,30677731.0,41728776.593,-0.0011009013501337428,-0.031403328156461185,-0.06263996654817716,0.00654707772299386,-0.031403328156461185,-0.06263996654817716,0.00654707772299386
000016.SH,20231207,2274.8281,2280.0917,2284.9375,2259.8217,2284.0636,-9.2355,-0.4043,25959560.0,38119540.897,-0.00404345132946371,-0.038532689167772416,-0.06625256045712169,0.006510167331336053,-0.038532689167772416,-0.06625256045712169,0.006510167331336053
000016.SH,20231208,2281.6486,2274.1843,2287.09,2269.2757,2274.8281,6.8205,0.2998,33512910.0,45212158.886,0.0029982485269985926,-0.02991143325959622,-0.05483313350732,0.0065138480949917905,-0.02991143325959622,-0.05483313350732,0.0065138480949917905
000016.SH,20231211,2292.6788,2264.9938,2299.6627,2244.2812,2281.6486,11.0302,0.4834,35010082.0,56257627.751,0.004834311471100472,-0.017653016086353723,-0.04772813128157061,0.006733886870392706,-0.017653016086353723,-0.04772813128157061,0.006733886870392706
000016.SH,20231212,2305.138,2285.2072,2306.0435,2282.0889,2292.6788,12.4592,0.5434,28848714.0,42483203.292,0.005434341696708644,0.008115654250413717,-0.0420790518804276,0.006950173845473987,0.008115654250413717,-0.0420790518804276,0.006950173845473987
000016.SH,20231213,2261.0183,2298.2734,2298.2734,2260.5987,2305.138,-44.1197,-1.914,24866346.0,45559138.294,-0.01913972178672152,-0.010089605210642949,-0.06843729169019408,0.0074463633101001184,-0.010089605210642949,-0.06843729169019408,0.0074463633101001184
000016.SH,20231214,2249.9385,2274.2482,2280.8484,2249.389,2261.0183,-11.0798,-0.49,20626914.0,39752388.201,-0.004900358391614956,-0.01094131024669509,-0.06420954093980957,0.007326272373890827,-0.01094131024669509,-0.06420954093980957,0.007326272373890827
000016.SH,20231215,2245.2883,2262.0374,2283.543,2244.8005,2249.9385,-4.6502,-0.2067,27458678.0,47439182.451,-0.0020668120484181873,-0.015935977170191684,-0.0637624735546859,0.007329592300363376,-0.015935977170191684,-0.0637624735546859,0.007329592300363376
000016.SH,20231218,2251.2303,2237.0059,2260.3486,2227.9756,2245.2883,5.942,0.2646,25881915.0,37998035.487,0.002646430750117945,-0.01807863360537021,-0.06384692606224307,0.007325722141819021,-0.01807863360537021,-0.06384692606224307,0.007325722141819021
000016.SH,20231219,2257.2098,2248.4528,2264.2936,2238.871,2251.2303,5.9795,0.2656,22119560.0,35256754.587,0.0026561031983267647,-0.020791900528298046,-0.06581760677018555,0.0072180376010674676,-0.020791900528298046,-0.06581760677018555,0.0072180376010674676
000016.SH,20231220,2237.5812,2253.6767,2258.494,2236.8759,2257.2098,-19.6286,-0.8696,24979420.0,37376223.9,-0.008695957283190947,-0.010365727690041293,-0.06647024661813739,0.007243052146621288,-0.010365727690041293,-0.06647024661813739,0.007243052146621288
000016.SH,20231221,2261.3818,2228.7701,2266.772,2227.9707,2237.5812,23.8006,1.0637,28726944.0,49033060.128,0.010636753651666275,0.005086050129814668,-0.0597811693116822,0.007761101155863483,0.005086050129814668,-0.0597811693116822,0.007761101155863483
000016.SH,20231222,2270.5018,2262.1606,2282.7723,2251.4458,2261.3818,9.12,0.4033,29596181.0,45871264.375,0.004032932430958702,0.011229515603853546,-0.05040483127541162,0.007886266851679665,0.011229515603853546,-0.05040483127541162,0.007886266851679665
000016.SH,20231225,2272.9578,2266.3922,2276.1257,2263.6031,2270.5018,2.456,0.1082,19434561.0,31479908.488,0.0010816992085185273,0.009651389287004486,-0.041236779430506854,0.007796889435149176,0.009651389287004486,-0.041236779430506854,0.007796889435149176
000016.SH,20231226,2262.2095,2273.0451,2273.0451,2255.3525,2272.9578,-10.7483,-0.4729,19899127.0,30599004.037,-0.00472877235116298,0.002214991269309463,-0.04596910778116847,0.007798976453969179,0.002214991269309463,-0.04596910778116847,0.007798976453969179
000016.SH,20231227,2266.5441,2263.4871,2271.2325,2250.0149,2262.2095,4.3346,0.1916,26761125.0,37638308.14,0.001916091325759206,0.012943843110587494,-0.03883277512648553,0.007815615238910096,0.012943843110587494,-0.03883277512648553,0.007815615238910096
000016.SH,20231228,2317.7033,2267.0558,2322.0485,2265.2335,2266.5441,51.1592,2.2571,42922566.0,69274073.668,0.0225714558123975,0.02490578990243919,-0.020411274523125744,0.00950172291650076,0.02490578990243919,-0.020411274523125744,0.00950172291650076
000016.SH,20231229,2326.1732,2314.0684,2327.6771,2309.4266,2317.7033,8.4699,0.3654,30362343.0,51479708.787,0.00365443670033172,0.02451942561772036,-0.01098090846331945,0.009481447009406683,0.02451942561772036,-0.01098090846331945,0.009481447009406683
000016.SH,20240102,2292.2286,2316.4348,2316.735,2292.2286,2326.1732,-33.9446,-1.4592,31375477.0,50622406.22,-0.014592464567986685,0.008478292029882706,-0.017845913849510953,0.009873542357010908,0.008478292029882706,-0.017845913849510953,0.009873542357010908
000016.SH,20240103,2294.8357,2287.755,2299.6831,2283.5939,2292.2286,2.6071,0.1137,29314375.0,44217105.083,0.001137364746256253,0.014422271677313692,0.003610106250778289,0.008755373483723435,0.014422271677313692,0.003610106250778289,0.008755373483723435
000016.SH,20240104,2279.0361,2293.4576,2296.1151,2260.3536,2294.8357,-15.7996,-0.6885,32125788.0,48905527.79,-0.00688485018774998,0.005511474495466295,-0.002201120844445903,0.008895583344602817,0.005511474495466295,-0.002201120844445903,0.008895583344602817
000016.SH,20240105,2268.5377,2272.9358,2295.6047,2256.598,2279.0361,-10.4984,-0.4607,35589372.0,51973252.609,-0.004606508865743653,-0.021213068989460515,-0.002765219930244589,0.008909691539077653,-0.021213068989460515,-0.002765219930244589,0.008909691539077653
000016.SH,20240108,2243.8422,2265.2418,2272.0351,2240.5554,2268.5377,-24.6955,-1.0886,31500656.0,47632268.29,-0.010886087544412337,-0.03539332324867306,-0.016569773277094413,0.009191958884696814,-0.03539332324867306,-0.016569773277094413,0.009191958884696814
000016.SH,20240109,2245.6219,2243.4096,2251.5411,2234.9149,2243.8422,1.7797,0.0793,30269328.0,48702067.011,0.0007931484665009148,-0.020332483418102232,-0.020524855029845468,0.009105714600691593,-0.020332483418102232,-0.020524855029845468,0.009105714600691593
000016.SH,20240110,2235.2089,2239.0296,2257.8543,2233.1811,2245.6219,-10.413,-0.4637,25713298.0,41868260.247,-0.004637022822052139,-0.025983036606934462,-0.030336188115418605,0.009009299113421854,-0.025983036606934462,-0.030336188115418605,0.009009299113421854
000016.SH,20240111,2240.1061,2234.8184,2251.0754,2226.2781,2235.2089,4.8972,0.2191,30524425.0,45573502.9,0.0021909361581371467,-0.017081782952012015,-0.00924901846216819,0.008019454013623596,-0.017081782952012015,-0.00924901846216819,0.008019454013623596
000016.SH,20240112,2237.2073,2231.2855,2250.7314,2229.5887,2240.1061,-2.8988,-0.1294,25893778.0,39121731.4,-0.0012940458489889561,-0.013810835059077875,-0.005658465775842392,0.00795402179715987,-0.013810835059077875,-0.005658465775842392,0.00795402179715987
000016.SH,20240115,2238.5029,2227.3616,2256.8001,2225.2362,2237.2073,1.2956,0.0579,23715095.0,39317045.0,0.0005791148634282095,-0.0023795345323303074,-0.0030220617993690357,0.007944277186845523,-0.0023795345323303074,-0.0030220617993690357,0.007944277186845523
000016.SH,20240116,2248.975,2231.8236,2249.051,2223.4372,2238.5029,10.4721,0.4678,28782237.0,46347948.3,0.004678171290285027,0.0014931721141477894,-0.0010018077670685965,0.007994366805543069,0.0014931721141477894,-0.0010018077670685965,0.007994366805543069
000016.SH,20240117,2199.2587,2241.0157,2242.6104,2199.2587,2248.975,-49.7163,-2.2106,30628292.0,51922838.4,-0.0221062039373493,-0.01608359737651377,-0.025673776535969473,0.009359134523859499,-0.01608359737651377,-0.025673776535969473,0.009359134523859499
000016.SH,20240118,2238.4588,2191.8887,2242.3256,2163.8682,2199.2587,39.2001,1.7824,54944741.0,83092561.7,0.01782423322913318,-0.0007353669542706776,0.0003922092302168778,0.010099287274788147,-0.0007353669542706776,0.0003922092302168778,0.010099287274788147
000016.SH,20240119,2243.5396,2227.7329,2250.6113,2218.1739,2238.4588,5.0808,0.227,35865114.0,59477638.7,0.0022697759726468814,0.002830448479226755,-0.007889954717067216,0.009807531297939834,0.002830448479226755,-0.007889954717067216,0.009807531297939834
000016.SH,20240122,2230.6094,2237.7734,2257.5892,2206.7644,2243.5396,-12.9302,-0.5763,44786209.0,70458296.8,-0.005763303665333175,-0.003526240685236659,-0.017569860548007576,0.009821712572601943,-0.003526240685236659,-0.017569860548007576,0.009821712572601943
000016.SH,20240123,2226.3713,2220.4989,2239.6539,2204.3685,2230.6094,-4.2381,-0.19,34015311.0,54006326.8,-0.0018999740609001448,-0.010050667526317558,-0.02049598105165007,0.009813631693478755,-0.010050667526317558,-0.02049598105165007,0.009813631693478755
000016.SH,20240124,2260.5575,2238.3319,2264.5205,2209.507,2226.3713,34.1862,1.5355,44198033.0,61986777.9,0.015355120684496848,0.027872482668819254,-0.0007302595095635134,0.010419680941162995,0.027872482668819254,-0.0007302595095635134,0.010419680941162995
000016.SH,20240125,2312.8544,2264.0223,2314.4959,2261.3723,2260.5575,52.2969,2.3135,61945377.0,79432204.3,0.02313451438417302,0.03323518842517914,0.020432119542699523,0.011633014022654537,0.03323518842517914,0.020432119542699523,0.011633014022654537
000016.SH,20240126,2314.3741,2303.3217,2323.3507,2295.9615,2312.8544,1.5197,0.0657,58316299.0,73311459.4,0.0006570668694059201,0.031572654211229345,-0.0014364219958612479,0.010476332610975811,0.031572654211229345,-0.0014364219958612479,0.010476332610975811
000016.SH,20240129,2304.4364,2312.6973,2327.3609,2304.4364,2314.3741,-9.9377,-0.4294,59549043.0,77810107.3,-0.004293903911212982,0.03309723342867654,-0.009344446062743761,0.010480372728426246,0.03309723342867654,-0.009344446062743761,0.010480372728426246
000016.SH,20240130,2270.9789,2292.2206,2303.7181,2270.9789,2304.4364,-33.4575,-1.4519,43267598.0,61237732.36,-0.014518734385552956,0.0200360110642821,-0.009270323212963949,0.010475135772087146,0.0200360110642821,-0.009270323212963949,0.010475135772087146
000016.SH,20240131,2254.2994,2261.1181,2273.0952,2243.9041,2270.9789,-16.6795,-0.7345,42928757.0,63009280.531,-0.0073446301064268305,-0.0027683878866164857,-0.017664140400116768,0.010580215107121916,-0.0027683878866164857,-0.017664140400116768,0.010580215107121916
000016.SH,20240201,2248.268,2245.4753,2270.0677,2238.7127,2254.2994,-6.0314,-0.2676,39890138.0,59264044.17,-0.002675509739300752,-0.02792497443851205,-0.013500488210783423,0.01049511498072266,-0.02792497443851205,-0.013500488210783423,0.01049511498072266
000016.SH,20240202,2229.0142,2252.6543,2264.0558,2184.7721,2248.268,-19.2538,-0.8564,50637119.0,72601307.611,-0.008563836695625215,-0.0368824988146903,-0.01742245676587162,0.010610753417535746,-0.0368824988146903,-0.01742245676587162,0.010610753417535746
000016.SH,20240205,2255.2809,2221.9449,2270.3732,2203.0744,2229.0142,26.2667,1.1784,59314022.0,87422810.341,0.011783998504810045,-0.021330812167348112,0.005097818375998209,0.010689988057012895,-0.021330812167348112,0.005097818375998209,0.010689988057012895
000016.SH,20240206,2318.8418,2250.1109,2321.448,2246.8163,2255.2809,63.5609,2.8183,58385076.0,88303224.387,0.028183141177668736,0.021075889344458476,0.03260562252265187,0.012376748512864136,0.021075889344458476,0.03260562252265187,0.012376748512864136
000016.SH,20240207,2344.1508,2323.1248,2344.7943,2305.5136,2318.8418,25.309,1.0915,64784099.0,95430744.991,0.010914500506244096,0.039857793512254824,0.04873902390062956,0.012447440667011365,0.039857793512254824,0.04873902390062956,0.012447440667011365
000016.SH,20240208,2352.5775,2345.0777,2355.7709,2330.8277,2344.1508,8.4267,0.3595,50486201.0,79375433.558,0.0035947772643296627,0.04639549199650572,0.05020806826962354,0.012449828076674704,0.04639549199650572,0.05020806826962354,0.012449828076674704
000016.SH,20240219,2371.5483,2368.4482,2371.5483,2348.4059,2352.5775,18.9708,0.8064,52160225.0,78856898.581,0.008063836366708488,0.06394490443353829,0.0600485256775265,0.012474538081984484,0.06394490443353829,0.0600485256775265,0.012474538081984484
000016.SH,20240220,2369.0834,2367.9194,2372.8633,2353.9675,2371.5483,-2.4649,-0.1039,37486079.0,60546151.372,-0.0010393631873321096,0.050460454837355284,0.05833385339817965,0.012496256306501736,0.050460454837355284,0.05833385339817965,0.012496256306501736
000016.SH,20240221,2410.2278,2359.1823,2439.2137,2355.402,2369.0834,41.1444,1.7367,50005382.0,86249269.224,0.017367223120975828,0.039410191760386626,0.07170057470625513,0.012906012817882092,0.039410191760386626,0.07170057470625513,0.012906012817882092
000016.SH,20240222,2433.0819,2403.8752,2433.2331,2403.0032,2410.2278,22.8541,0.9482,37555411.0,60050748.447,0.009482132767699492,0.037937448392825424,0.10631909743042067,0.011452366635778793,0.037937448392825424,0.10631909743042067,0.011452366635778793
000016.SH,20240223,2433.4073,2431.8661,2447.7986,2424.1707,2433.0819,0.3254,0.0134,40063072.0,62572523.602,0.000133739846570613,0.03435797545458108,0.08709050173270994,0.011097716125495682,0.03435797545458108,0.08709050173270994,0.011097716125495682
000016.SH,20240226,2393.5488,2427.2297,2430.9726,2388.3927,2433.4073,-39.8585,-1.638,41328340.0,63298281.853,-0.01637970758121743,0.009276850907906864,0.06686273779165752,0.01201753723164762,0.009276850907906864,0.06686273779165752,0.01201753723164762
000016.SH,20240227,2405.0609,2383.1353,2405.0609,2381.5714,2393.5488,11.5121,0.481,33600960.0,57324528.048,0.004809636636612602,0.015186253046220344,0.07820800002008421,0.011828482486886057,0.015186253046220344,0.07820800002008421,0.011828482486886057
000016.SH,20240228,2385.6099,2405.8777,2417.3257,2385.6099,2405.0609,-19.451,-0.8088,44763907.0,76575633.13,-0.008087529093338097,-0.010213930816000083,0.07152382893185893,0.012065019160476118,-0.010213930816000083,0.07152382893185893,0.012065019160476118
000016.SH,20240229,2413.1361,2378.1383,2413.1361,2378.1383,2385.6099,27.5262,1.1538,35192528.0,63682017.901,0.011538433001975879,-0.008197751173110945,0.06749600485720908,0.01189713199595484,-0.008197751173110945,0.06749600485720908,0.01189713199595484
000016.SH,20240301,2414.8439,2408.3023,2420.3783,2397.6398,2413.1361,1.7078,0.0708,34435007.0,60269510.717,0.0007077097723580117,-0.007628562633144043,0.04409680955273254,0.010952435756530597,-0.007628562633144043,0.04409680955273254,0.010952435756530597
000016.SH,20240304,2418.584,2412.0795,2422.8165,2404.9222,2414.8439,3.7401,0.1549,40298113.0,71924712.167,0.0015487957627406956,0.010459448330445431,0.0450272494839965,0.010947566668875289,0.010459448330445431,0.0450272494839965,0.010947566668875289
000016.SH,20240305,2446.4173,2410.4615,2450.0554,2407.0507,2418.584,27.8333,1.1508,43956093.0,76817288.567,0.01150809729990776,0.017195572885493338,0.06161198460499939,0.011019562847635838,0.017195572885493338,0.06161198460499939,0.011019562847635838
000016.SH,20240306,2434.1156,2443.8508,2450.4323,2433.0701,2446.4173,-12.3017,-0.5028,38753975.0,62490715.898,-0.005028455284386668,0.020332620182369254,0.07183540983141667,0.010410664911258463,0.020332620182369254,0.07183540983141667,0.010410664911258463
000016.SH,20240307,2426.9732,2430.4238,2446.2954,2418.1278,2434.1156,-7.1424,-0.2934,38335786.0,67072865.441,-0.0029342895629115295,0.005734073598252287,0.07659754511756511,0.010213124807913124,0.005734073598252287,0.07659754511756511,0.010213124807913124
000016.SH,20240308,2426.1679,2423.135,2433.3334,2410.1477,2426.9732,-0.8053,-0.0332,34911257.0,57496304.19,-0.0003318124814892798,0.0046893300225328005,0.07912753283861163,0.010148805612436043,0.0046893300225328005,0.07912753283861163,0.010148805612436043
000016.SH,20240311,2443.1064,2426.7266,2443.1064,2418.3381,2426.1679,16.9385,0.6982,39152145.0,69559846.416,0.006981586064179757,0.010139155803561284,0.0960479300670225,0.009733734092938751,0.010139155803561284,0.0960479300670225,0.009733734092938751
000016.SH,20240312,2450.4693,2443.2323,2458.9167,2436.0776,2443.1064,7.3629,0.3014,50577285.0,93341577.304,0.003013745123831013,0.0016562996018709697,0.08654726779267263,0.009591505450613755,0.0016562996018709697,0.08654726779267263,0.009591505450613755
000016.SH,20240313,2427.5969,2445.7963,2445.7963,2419.4529,2450.4693,-22.8724,-0.9334,36948673.0,67424743.627,-0.009333885554085541,-0.00267805686796474,0.04690061219355268,0.008226128178717013,-0.00267805686796474,0.04690061219355268,0.008226128178717013
000016.SH,20240314,2423.8556,2431.7713,2446.8797,2415.0617,2427.5969,-3.7413,-0.1541,36882246.0,69775882.118,-0.0015411537228442462,-0.0012845630104197925,0.03400156679339905,0.008010392280018193,-0.0012845630104197925,0.03400156679339905,0.008010392280018193
000016.SH,20240315,2427.1969,2417.5715,2430.5932,2409.6096,2423.8556,3.3413,0.1379,33007509.0,62673015.81,0.0013785062113436108,0.00042412563450366925,0.03171814743616319,0.007998174735472569,0.00042412563450366925,0.03171814743616319,0.007998174735472569
000016.SH,20240318,2438.1911,2424.9223,2438.8328,2419.8757,2427.1969,10.9942,0.453,37047252.0,70596403.716,0.004529587195830853,-0.002011905826123761,0.028100966781912096,0.007885935129915379,-0.002011905826123761,0.028100966781912096,0.007885935129915379
000016.SH,20240319,2416.8349,2430.3039,2441.6045,2416.0292,2438.1911,-21.3562,-0.8759,34332515.0,64262404.652,-0.00875903451538318,-0.013725697359277422,0.020156107632175235,0.008195302410532604,-0.013725697359277422,0.020156107632175235,0.008195302410532604
000016.SH,20240320,2426.4586,2412.6074,2430.7199,2408.4843,2416.8349,9.6237,0.3982,30838610.0,51100637.497,0.003981943491464746,-0.000468899923212196,0.006734135254767182,0.007287162203247979,-0.000468899923212196,0.006734135254767182,0.007287162203247979
000016.SH,20240321,2427.101,2432.9314,2441.2744,2424.8755,2426.4586,0.6424,0.0265,29208415.0,54112424.029,0.00026474797468223343,0.001338941148144368,-0.002458158108035735,0.006964255796823497,0.001338941148144368,-0.002458158108035735,0.006964255796823497
000016.SH,20240322,2403.2023,2417.9371,2420.7744,2386.2046,2427.101,-23.8987,-0.9847,34073555.0,63189507.878,-0.009846603004984189,-0.009885724557410214,-0.012412636388491105,0.007296279694419202,-0.009885724557410214,-0.012412636388491105,0.007296279694419202
000016.SH,20240325,2401.2113,2398.3207,2418.3149,2393.0597,2403.2023,-1.991,-0.0828,34383731.0,60441059.299,-0.000828477902172442,-0.015166899756134833,0.0032013134639243823,0.0062845158386808115,-0.015166899756134833,0.0032013134639243823,0.0062845158386808115
000016.SH,20240326,2413.7415,2404.2053,2415.7136,2398.6012,2401.2113,12.5302,0.5218,31362498.0,57780738.857,0.005218282955773201,-0.0012799384848338757,0.003609305693673015,0.0063010075220893795,-0.0012799384848338757,0.003609305693673015,0.0063010075220893795
000016.SH,20240327,2398.9372,2408.9144,2421.1347,2398.9372,2413.7415,-14.8043,-0.6133,32072916.0,52565295.667,-0.006133341122071423,-0.01134220876465808,0.00558653784929386,0.006179730105485902,-0.01134220876465808,0.00558653784929386,0.006179730105485902
000016.SH,20240328,2401.9872,2395.2173,2424.7673,2387.4163,2398.9372,3.05,0.1271,36870800.0,59543019.163,0.001271396350017051,-0.010347241420938014,-0.004620087528424133,0.005595559711712048,-0.010347241420938014,-0.004620087528424133,0.005595559711712048
000016.SH,20240329,2414.9202,2399.4562,2418.563,2399.2786,2401.9872,12.933,0.5384,34133586.0,51692110.861,0.005384291806384223,0.004875952390691385,3.159624520665538e-05,0.005732262835302249,0.004875952390691385,3.159624520665538e-05,0.005732262835302249
000016.SH,20240401,2441.5668,2422.7347,2448.8766,2422.7347,2414.9202,26.6466,1.1034,36210013.0,63161798.144,0.011034153426684679,0.016806309382269013,0.00950258498361034,0.006235918253967382,0.016806309382269013,0.00950258498361034,0.006235918253967382
000016.SH,20240402,2435.7569,2441.4887,2447.3738,2428.027,2441.5668,-5.8099,-0.238,35726428.0,59917352.009,-0.0023795785558683447,0.00912086070525775,-0.0043575558429872485,0.0056943192310113635,0.00912086070525775,-0.0043575558429872485,0.0056943192310113635
000016.SH,20240403,2430.169,2439.432,2441.6698,2423.8756,2435.7569,-5.5879,-0.2294,31959986.0,60097488.949,-0.002294112355793798,0.013019015253921573,-0.0016213691740852854,0.005604479502017914,0.013019015253921573,-0.0016213691740852854,0.005604479502017914
000016.SH,20240408,2414.091,2419.0293,2431.4053,2407.359,2430.169,-16.078,-0.6616,39873596.0,73403477.404,-0.0066160007801926435,0.005039077643711032,-0.005307928410581586,0.0057618975501481685,0.005039077643711032,-0.005307928410581586,0.0057618975501481685
000016.SH,20240409,2404.6089,2411.7806,2418.5972,2399.2833,2414.091,-9.4821,-0.3928,35622867.0,57315468.944,-0.003927813823091042,-0.004269830531046015,-0.008886029693163322,0.005820385197341971,-0.004269830531046015,-0.008886029693163322,0.005820385197341971
000016.SH,20240410,2396.7427,2403.7309,2412.5898,2388.6829,2404.6089,-7.8662,-0.3271,33612707.0,58702880.924,-0.0032713012082756787,-0.018358744065491206,-0.01897735604147255,0.005579776865462025,-0.018358744065491206,-0.01897735604147255,0.005579776865462025
000016.SH,20240411,2394.8667,2383.7027,2402.7498,2380.5128,2396.7427,-1.876,-0.0783,31288036.0,56313020.544,-0.0007827289929785985,-0.01678747168898498,-0.022690592369388196,0.005502131230154248,-0.01678747168898498,-0.022690592369388196,0.005502131230154248
000016.SH,20240412,2374.0471,2397.2842,2402.6429,2370.2766,2394.8667,-20.8196,-0.8693,32363758.0,59600119.109,-0.008693427488051908,-0.023093825984941807,-0.022058769312154003,0.005453535673094013,-0.023093825984941807,-0.022058769312154003,0.005453535673094013
000016.SH,20240415,2424.0168,2367.8597,2424.9251,2367.763,2374.0471,49.9697,2.1048,50130502.0,75984593.018,0.02104831871280055,0.004111609711481501,6.650561196797078e-05,0.007362576983477134,0.004111609711481501,6.650561196797078e-05,0.007362576983477134
000016.SH,20240416,2412.3219,2414.7557,2429.3859,2398.4323,2424.0168,-11.6949,-0.4825,46952482.0,68370136.905,-0.004824595275082277,0.0032075902239236953,-0.006128468605080983,0.007433051418516282,0.0032075902239236953,-0.006128468605080983,0.007433051418516282
000016.SH,20240417,2439.8558,2407.9642,2440.5779,2397.4385,2412.3219,27.5339,1.1414,45944602.0,69009890.048,0.011413858158813683,0.01798820540894952,0.0006827602643615371,0.007817039649518647,0.01798820540894952,0.0006827602643615371,0.007817039649518647
000016.SH,20240418,2445.2049,2430.7033,2468.3568,2429.6264,2439.8558,5.3491,0.2192,46624462.0,74076788.588,0.002192383664641362,0.02101920745735031,0.011738493183791832,0.007545390355805562,0.02101920745735031,0.011738493183791832,0.007545390355805562
000016.SH,20240419,2430.5819,2433.9779,2444.0204,2424.1718,2445.2049,-14.623,-0.598,38884690.0,63779125.472,-0.005980275926978584,0.02381368086589375,0.0016993077895497422,0.007639358587304492,0.02381368086589375,0.0016993077895497422,0.007639358587304492
000016.SH,20240422,2424.7473,2433.1809,2450.2556,2422.7668,2430.5819,-5.8346,-0.24,40368061.0,65847983.779,-0.0024004951242334593,0.00030135929750985113,-0.0009697577480295427,0.007659781371211886,0.00030135929750985113,-0.0009697577480295427,0.007659781371211886
000016.SH,20240423,2413.7392,2420.623,2426.8857,2409.9497,2424.7473,-11.0081,-0.454,37932055.0,60577320.43,-0.004539895765632962,0.00058752523865091,0.004384524765143505,0.007388613439048191,0.00058752523865091,0.004384524765143505,0.007388613439048191
000016.SH,20240424,2424.119,2422.6267,2426.9576,2406.8811,2413.7392,10.3798,0.43,29386859.0,50879459.334,0.004300298888960441,-0.006449889374609663,0.009540060052191324,0.007438248376620622,-0.006449889374609663,0.009540060052191324,0.007438248376620622
000016.SH,20240425,2431.6221,2419.5,2437.3123,2411.5709,2424.119,7.5031,0.3095,28317818.0,49604482.982,0.003095186333674116,-0.005554871904599912,0.007407835511797689,0.007382321639382804,-0.005554871904599912,0.007407835511797689,0.007382321639382804
000016.SH,20240426,2461.8556,2432.7579,2467.2735,2432.7579,2431.6221,30.2335,1.2433,47838029.0,79728583.627,0.012433469822469512,0.012866754253374468,0.026227614461937554,0.007679606651994897,0.012866754253374468,0.026227614461937554,0.007679606651994897
000016.SH,20240429,2474.3397,2458.1779,2492.9273,2453.4778,2461.8556,12.4841,0.5071,53401197.0,92063350.218,0.005071012288454302,0.020452605514809763,0.03012193403861607,0.007725122030655957,0.020452605514809763,0.03012193403861607,0.007725122030655957
000016.SH,20240430,2464.2435,2473.5136,2484.1006,2464.2435,2474.3397,-10.0962,-0.408,46814370.0,75190675.5,-0.004080361318213432,0.020923677255604067,0.020424401601344844,0.007765290877166789,0.020923677255604067,0.020424401601344844,0.007765290877166789
000016.SH,20240506,2495.7617,2495.4666,2505.5974,2487.3218,2464.2435,31.5182,1.279,56007811.0,96349187.569,0.012790213304813447,0.0295541184240542,0.02219677135190401,0.007893120465570466,0.0295541184240542,0.02219677135190401,0.007893120465570466
000016.SH,20240507,2499.7709,2496.015,2504.0342,2489.3674,2495.7617,4.0092,0.1606,38042631.0,62864447.734,0.001606403367757414,0.02802606539889574,0.026280947823651868,0.007850106780499983,0.02802606539889574,0.026280947823651868,0.007850106780499983
000016.SH,20240508,2486.0186,2495.6236,2497.1501,2484.3833,2499.7709,-13.7523,-0.5501,32306111.0,51551480.769,-0.005501424150509249,0.009814954215836114,0.022981776164538337,0.007959965537656696,0.009814954215836114,0.022981776164538337,0.007959965537656696
000016.SH,20240509,2501.7305,2483.6604,2506.279,2483.6604,2486.0186,15.7119,0.632,37662111.0,64311115.706,0.006320105569604495,0.01106994322566135,0.03630331250976049,0.0078186063888237,0.01106994322566135,0.03630331250976049,0.0078186063888237
000016.SH,20240510,2508.5753,2508.0613,2515.0239,2492.3621,2501.7305,6.8448,0.2736,40528642.0,66949259.699,0.0027360261227178384,0.017990024118963888,0.04323630341715856,0.007702187849234422,0.017990024118963888,0.04323630341715856,0.007702187849234422
000016.SH,20240513,2506.4593,2499.6901,2512.2421,2487.6544,2508.5753,-2.116,-0.0844,41036748.0,74056153.882,-0.0008435066708980532,0.004286306661409167,0.04577737944085536,0.007631108229990218,0.004286306661409167,0.04577737944085536,0.007631108229990218
000016.SH,20240514,2496.7361,2507.1984,2510.4239,2491.248,2506.4593,-9.7232,-0.3879,33885687.0,61077635.741,-0.003879257085881993,-0.0012140312538240217,0.04253656372607306,0.007727071402182138,-0.0012140312538240217,0.04253656372607306,0.007727071402182138
000016.SH,20240515,2477.3895,2494.7637,2498.9526,2475.9594,2496.7361,-19.3466,-0.7749,29457288.0,50498146.34,-0.0077487564664923125,-0.003471052066947422,0.0435300546480315,0.007660133916009188,-0.003471052066947422,0.0435300546480315,0.007660133916009188
000016.SH,20240516,2489.4139,2484.2721,2498.8895,2475.8382,2477.3895,12.0244,0.4854,39199339.0,68282396.243,0.004853657448697479,-0.004923232138713596,0.026978814668281226,0.006292281561084811,-0.004923232138713596,0.026978814668281226,0.006292281561084811
000016.SH,20240517,2524.1705,2492.5712,2524.1791,2485.8186,2489.4139,34.7566,1.3962,44218563.0,76547473.107,0.01396176023601381,0.006216755781658367,0.046365536871343815,0.006710249269278747,0.006216755781658367,0.046365536871343815,0.006710249269278747
000016.SH,20240520,2532.824,2529.9164,2544.5248,2524.1942,2524.1705,8.6535,0.3428,46691985.0,81480531.233,0.003428254945535558,0.010518702617672737,0.038103973193825746,0.006367615951146531,0.010518702617672737,0.038103973193825746,0.006367615951146531
000016.SH,20240521,2525.2326,2526.9372,2531.6334,2518.2695,2532.824,-7.5914,-0.2997,33118645.0,54644703.086,-0.002997207859685602,0.011413501010379079,0.032728422881861396,0.006459748150648038,0.011413501010379079,0.032728422881861396,0.006459748150648038
000016.SH,20240522,2529.0398,2524.6935,2535.0643,2519.0263,2525.2326,3.8072,0.1508,38076048.0,65777030.875,0.0015076630960648707,0.020848679628294065,0.04050795408292962,0.006207444201381456,0.020848679628294065,0.04050795408292962,0.006207444201381456
000016.SH,20240523,2500.821,2518.1441,2519.0707,2495.1607,2529.0398,-28.2188,-1.1158,35048003.0,59668907.623,-0.0111579106030677,0.004582243234039884,0.03137386728918101,0.006813862155746273,0.004582243234039884,0.03137386728918101,0.006813862155746273
000016.SH,20240524,2474.4254,2494.3678,2504.4131,2473.2311,2500.821,-26.3956,-1.0555,31294242.0,53766574.545,-0.010554773812279983,-0.01970750391069065,0.025141987170776314,0.007218358834282127,-0.01970750391069065,0.025141987170776314,0.007218358834282127
000016.SH,20240527,2497.6006,2478.2589,2500.1145,2478.2589,2474.4254,23.1752,0.9366,35770897.0,60797174.364,0.009365891572241436,-0.013906769676850783,0.030312703295506616,0.007416542958709555,-0.013906769676850783,0.030312703295506616,0.007416542958709555
000016.SH,20240528,2490.1614,2498.026,2505.7871,2486.0972,2497.6006,-7.4392,-0.2979,33003573.0,54184041.257,-0.002978538682285814,-0.013888304784280048,0.02407417665763112,0.007472800244641083,-0.013888304784280048,0.02407417665763112,0.007472800244641083
000016.SH,20240529,2493.1691,2489.5185,2510.0724,2486.5816,2490.1614,3.0077,0.1208,31785111.0,51576833.82,0.0012078333557015153,-0.014183525304742095,0.012719470630202734,0.006992078594923818,-0.014183525304742095,0.012719470630202734,0.006992078594923818
000016.SH,20240530,2473.758,2488.319,2500.3112,2468.2557,2493.1691,-19.4111,-0.7786,34349983.0,60265641.217,-0.007785713371788683,-0.010821646171397359,-0.0002350930229992887,0.007153883431884432,-0.010821646171397359,-0.0002350930229992887,0.007153883431884432
000016.SH,20240531,2462.1831,2480.2132,2487.1289,2462.1831,2473.758,-11.5749,-0.4679,28593170.0,50383978.421,-0.004679075317795656,-0.004947532465517046,-0.000836118670902386,0.007173138411522361,-0.004947532465517046,-0.000836118670902386,0.007173138411522361
000016.SH,20240603,2469.0165,2461.3502,2476.8003,2454.9847,2462.1831,6.8334,0.2775,32935234.0,58211851.91,0.0027753419313127914,-0.011444624092418976,-0.010716247468658513,0.006554924182446074,-0.011444624092418976,-0.010716247468658513,0.006554924182446074
000016.SH,20240604,2483.3189,2465.6099,2488.7509,2462.6653,2469.0165,14.3024,0.5793,31903183.0,56622882.696,0.0057927518912894715,-0.00274781385656353,-0.006581403119781837,0.006691751263404342,-0.00274781385656353,-0.006581403119781837,0.006691751263404342
000016.SH,20240605,2468.1918,2477.3066,2483.3305,2467.4553,2483.3189,-15.1271,-0.6091,29453857.0,51341197.989,-0.0060914850686314415,-0.010018293584659,-0.007170823259327164,0.0067171023087409945,-0.010018293584659,-0.007170823259327164,0.0067171023087409945
000016.SH,20240606,2467.8865,2474.2323,2492.0466,2462.13,2468.1918,-0.3053,-0.0124,36897263.0,64488233.047,-0.00012369379073373654,-0.002373514304956137,-0.013528235755210227,0.006532931814468367,-0.002373514304956137,-0.013528235755210227,0.006532931814468367
000016.SH,20240607,2457.2569,2473.1743,2476.4645,2444.9299,2467.8865,-10.6296,-0.4307,36436105.0,58648181.396,-0.0043071672866642485,-0.0020007447862022687,-0.02045718938554486,0.006530034689217844,-0.0020007447862022687,-0.02045718938554486,0.006530034689217844
000016.SH,20240611,2423.6184,2444.5482,2449.6467,2415.1117,2457.2569,-33.6385,-1.3689,41401549.0,70152687.633,-0.013689451843639122,-0.018387118919618528,-0.03305096555926523,0.007117828953828027,-0.018387118919618528,-0.03305096555926523,0.007117828953828027
000016.SH,20240612,2423.607,2420.8987,2427.8375,2412.9896,2423.6184,-0.0114,-0.0005,37949604.0,63274163.769,-4.703710782094639e-06,-0.02404520015532452,-0.02928987969533503,0.007106823235824425,-0.02404520015532452,-0.02928987969533503,0.007106823235824425
000016.SH,20240613,2412.0736,2425.9228,2426.3286,2406.9924,2423.607,-11.5334,-0.4759,30851071.0,57368166.221,-0.004758774834368706,-0.02273656366575716,-0.02636480860195789,0.006998217153548034,-0.02273656366575716,-0.02636480860195789,0.006998217153548034
000016.SH,20240614,2426.509,2405.7899,2433.0536,2399.9852,2412.0736,14.4354,0.5985,41277966.0,78246583.296,0.005984643254666855,-0.016766370738686698,-0.025268959894535814,0.007054998269073713,-0.016766370738686698,-0.025268959894535814,0.007054998269073713
000016.SH,20240617,2416.3414,2412.092,2418.9354,2408.8727,2426.509,-10.1676,-0.419,37495957.0,61841769.533,-0.00419021730395408,-0.01665088416274263,-0.042718627763061345,0.00609689350687217,-0.01665088416274263,-0.042718627763061345,0.00609689350687217
000016.SH,20240618,2415.4281,2412.5472,2424.9312,2408.2887,2416.3414,-0.9133,-0.0378,35338347.0,59466094.876,-0.0003779681132806134,-0.003379368633279811,-0.0463498055924928,0.005971296844491156,-0.003379368633279811,-0.0463498055924928,0.005971296844491156
000016.SH,20240619,2413.9722,2410.4721,2418.7379,2402.9583,2415.4281,-1.4559,-0.0603,32775291.0,56240551.303,-0.0006027502950718411,-0.0039753970012463835,-0.04405946604681077,0.005981698602050897,-0.0039753970012463835,-0.04405946604681077,0.005981698602050897
000016.SH,20240620,2408.3379,2413.3933,2422.7003,2405.3971,2413.9722,-5.6343,-0.2334,32013024.0,56261519.622,-0.0023340368211366425,-0.0015487504195560442,-0.04772637425476656,0.005916570169808103,-0.0015487504195560442,-0.04772637425476656,0.005916570169808103
000016.SH,20240621,2398.9571,2406.2173,2411.5276,2386.4801,2408.3379,-9.3808,-0.3895,33202039.0,58864839.939,-0.0038951344825822742,-0.011354542678390978,-0.040732183550921786,0.005564821544135714,-0.011354542678390978,-0.040732183550921786,0.005564821544135714
000016.SH,20240624,2404.0848,2383.8657,2418.9161,2381.2803,2398.9571,5.1277,0.2137,34671331.0,62252302.887,0.002137470486654358,-0.0050723792589904,-0.028427044112948385,0.0052607791249976435,-0.0050723792589904,-0.028427044112948385,0.0052607791249976435
000016.SH,20240625,2394.2154,2403.7287,2410.1416,2384.2047,2404.0848,-9.8694,-0.4105,34919135.0,58739728.184,-0.004105262842641788,-0.008782169918450489,-0.04139380812128257,0.004630750866058023,-0.008782169918450489,-0.04139380812128257,0.004630750866058023
000016.SH,20240626,2398.2556,2388.4994,2404.4568,2383.1472,2394.2154,4.0402,0.1687,29859502.0,46732372.066,0.0016874839247964513,-0.006510679783304996,-0.03690756751751112,0.0047012312739196285,-0.006510679783304996,-0.03690756751751112,0.0047012312739196285
000016.SH,20240627,2388.5609,2391.6869,2395.8105,2376.6615,2398.2556,-9.6947,-0.4042,36990570.0,54577196.651,-0.004042396481842903,-0.008211887542856844,-0.041957924153640525,0.004666899032516381,-0.008211887542856844,-0.041957924153640525,0.004666899032516381
000016.SH,20240628,2394.8746,2382.1171,2406.3635,2381.3913,2388.5609,6.3137,0.2643,39898644.0,62660041.747,0.0026433071059650537,-0.0017017811614888911,-0.03188808282782707,0.004583659212201123,-0.0017017811614888911,-0.03188808282782707,0.004583659212201123
000016.SH,20240701,2405.4665,2395.1996,2407.0535,2387.6172,2394.8746,10.5919,0.4423,36281247.0,56357789.338,0.004422736789642334,0.0005747301426304308,-0.02303508622084205,0.0047128271758346335,0.0005747301426304308,-0.02303508622084205,0.0047128271758346335
000016.SH,20240702,2416.6793,2400.1671,2421.7506,2399.5179,2405.4665,11.2128,0.4661,36866949.0,59919130.804,0.004661382729711505,0.009382572679133006,-0.021197590214565354,0.004813386049514711,0.009382572679133006,-0.021197590214565354,0.004813386049514711
000016.SH,20240703,2414.8657,2417.1757,2421.0831,2405.8361,2416.6793,-1.8136,-0.075,32991600.0,55118428.056,-0.000750451249365125,0.006925908981511242,-0.02756520719107014,0.004537587825972476,0.006925908981511242,-0.02756520719107014,0.004537587825972476
000016.SH,20240704,2407.9029,2417.2756,2428.9387,2407.1264,2414.8657,-6.9628,-0.2883,30511579.0,49929135.278,-0.002883307340859509,0.00809776296681397,-0.024426343203960088,0.004417640269302584,0.00809776296681397,-0.024426343203960088,0.004417640269302584
000016.SH,20240705,2386.004,2405.6106,2411.9275,2367.0152,2407.9029,-21.8989,-0.9095,39363439.0,63623260.457,-0.00909459430444648,-0.003703993520161819,-0.0331792000969251,0.004743215493915105,-0.003703993520161819,-0.0331792000969251,0.004743215493915105
000016.SH,20240708,2371.6891,2375.6838,2387.8878,2368.1664,2386.004,-14.3149,-0.6,35617562.0,58987893.203,-0.005999528919482078,-0.014041933238313598,-0.034822488442295074,0.004807307755174619,-0.014041933238313598,-0.034822488442295074,0.004807307755174619
000016.SH,20240709,2389.3843,2365.931,2396.1764,2352.7669,2371.6891,17.6952,0.7461,37504477.0,62567227.694,0.007461011647774685,-0.011294423716046942,-0.014125202218302824,0.004349375123185126,-0.011294423716046942,-0.014125202218302824,0.004349375123185126
000016.SH,20240710,2381.831,2378.8044,2392.8765,2378.5381,2389.3843,-7.5533,-0.3161,34846258.0,56473784.148,-0.003161190939439895,-0.013679725543329302,-0.017237118064108548,0.0043799008542292975,-0.013679725543329302,-0.017237118064108548,0.0043799008542292975
000016.SH,20240711,2396.407,2387.6651,2400.229,2378.1532,2381.831,14.576,0.612,38295592.0,63413455.035,0.00611966172243128,-0.004774237366465206,-0.0064950754404841105,0.00454267876599911,-0.004774237366465206,-0.0064950754404841105,0.00454267876599911
000016.SH,20240712,2412.6181,2397.7292,2414.7622,2396.5289,2396.407,16.2111,0.6765,38157098.0,59812238.497,0.006764752398069174,0.011154256237625892,-0.005724643922606409,0.004602580115423182,0.011154256237625892,-0.005724643922606409,0.004602580115423182
000016.SH,20240715,2420.5214,2405.9183,2424.4116,2405.5231,2412.6181,7.9033,0.3276,34518607.0,50347384.02,0.0032758189122430448,0.020589671723836078,0.001729888003408897,0.00457114851327865,0.020589671723836078,0.001729888003408897,0.00457114851327865
000016.SH,20240716,2424.755,2412.2553,2426.5861,2406.2455,2420.5214,4.2336,0.1749,35688395.0,55901176.129,0.0017490446479837551,0.014803269612175818,0.0038613858967690984,0.004584256742866338,0.014803269612175818,0.0038613858967690984,0.004584256742866338
000016.SH,20240717,2432.8325,2422.8828,2439.317,2419.9803,2424.755,8.0775,0.3331,37750369.0,64968550.436,0.00333126439578435,0.02141272827501184,0.00781297315685725,0.004632028785145403,0.02141272827501184,0.00781297315685725,0.004632028785145403
000016.SH,20240718,2444.5086,2426.3399,2446.7682,2421.4873,2432.8325,11.6761,0.4799,34814046.0,60995584.684,0.004799385078915197,0.020072383363927804,0.015018947299712426,0.0046848131273019376,0.020072383363927804,0.015018947299712426,0.0046848131273019376
000016.SH,20240719,2456.79,2429.8049,2462.7419,2417.464,2444.5086,12.2814,0.5024,41315480.0,71695222.791,0.005024077231718493,0.01830869958241621,0.024107517387451427,0.004643084982315705,0.01830869958241621,0.024107517387451427,0.004643084982315705
000016.SH,20240722,2432.5496,2454.2441,2454.4998,2416.2001,2456.79,-24.2404,-0.9867,41829683.0,69492700.443,-0.00986669597320089,0.004969259928873093,0.011840181344684675,0.005251782895623286,0.004969259928873093,0.011840181344684675,0.005251782895623286
000016.SH,20240723,2396.6727,2429.0864,2431.2677,2396.6727,2432.5496,-35.8769,-1.4749,41340681.0,63854263.895,-0.014748681794607532,-0.011581499986596633,0.001026348757091844,0.006206365624588801,-0.011581499986596633,0.001026348757091844,0.006206365624588801
000016.SH,20240724,2390.954,2393.2316,2407.1095,2382.995,2396.6727,-5.7187,-0.2386,39296668.0,56353465.239,-0.0023860996956321934,-0.01721388546067182,-0.003044546211004251,0.006217310974239271,-0.01721388546067182,-0.003044546211004251,0.006217310974239271
000016.SH,20240725,2369.7153,2384.6349,2387.8924,2358.5434,2390.954,-21.2387,-0.8883,40846894.0,60679431.37,-0.008882939613225616,-0.03059645607301209,-0.007889939084241071,0.006466678776953423,-0.03059645607301209,-0.007889939084241071,0.006466678776953423
000016.SH,20240726,2355.3163,2364.9113,2368.2708,2341.4493,2369.7153,-14.399,-0.6076,40494016.0,58240320.5,-0.00607625734618833,-0.041303367402179325,-0.01651790035269496,0.006545850508833532,-0.041303367402179325,-0.01651790035269496,0.006545850508833532
000016.SH,20240729,2348.4784,2352.5061,2359.9841,2343.4017,2355.3163,-6.8379,-0.2903,33671312.0,50285979.411,-0.002903176953345965,-0.03456093968238094,-0.02369108029565159,0.0064416476803266,-0.03456093968238094,-0.02369108029565159,0.0064416476803266
000016.SH,20240730,2335.3123,2341.9086,2341.9086,2321.4988,2348.4784,-13.1661,-0.5606,32432891.0,54147205.113,-0.005606225716191404,-0.025602327760482324,-0.033668927441055096,0.006360381381695706,-0.025602327760482324,-0.033668927441055096,0.006360381381695706
000016.SH,20240731,2375.3942,2332.6518,2378.8805,2331.5647,2335.3123,40.0819,1.7163,50066642.0,77823528.643,0.01716340037261821,-0.006507778903316441,-0.016345215388168244,0.007633783540266312,-0.006507778903316441,-0.016345215388168244,0.007633783540266312
000016.SH,20240801,2360.422,2373.4708,2375.7914,2360.0476,2375.3942,-14.9722,-0.6303,39134152.0,58367024.186,-0.006303038038907416,-0.003921694728476366,-0.019718776865960796,0.007720799533442521,-0.003921694728476366,-0.019718776865960796,0.007720799533442521
000016.SH,20240802,2343.7153,2344.4182,2360.4137,2337.6377,2360.422,-16.7067,-0.7078,31827474.0,49775530.749,-0.0070778445549144475,-0.004925453112178624,-0.01772365008608534,0.007621594783710486,-0.004925453112178624,-0.01772365008608534,0.007621594783710486
000016.SH,20240805,2328.9222,2334.5923,2362.3096,2327.7452,2343.7153,-14.7931,-0.6312,39457458.0,63104360.795,-0.0063118161152081464,-0.008327178993854045,-0.018032253890275962,0.007632976414078991,-0.008327178993854045,-0.018032253890275962,0.007632976414078991
000016.SH,20240806,2313.3361,2342.8423,2346.2994,2296.7121,2328.9222,-15.5861,-0.6692,34873713.0,54899373.587,-0.006692409046553771,-0.009410390207767905,-0.031827529795018794,0.007473213892176289,-0.009410390207767905,-0.031827529795018794,0.007473213892176289
000016.SH,20240807,2314.4261,2311.9113,2330.1519,2307.0776,2313.3361,1.09,0.0471,27145991.0,42713085.463,0.0004711809926798427,-0.025666518845587794,-0.02829961487611843,0.007477143084363667,-0.025666518845587794,-0.02829961487611843,0.007477143084363667
000016.SH,20240808,2320.4245,2310.9616,2334.4621,2305.8931,2314.4261,5.9984,0.2592,22528936.0,40041209.426,0.0025917440180958096,-0.016945063213272826,-0.031706842785887424,0.0073303868506537735,-0.016945063213272826,-0.031706842785887424,0.0073303868506537735
000016.SH,20240809,2317.9915,2332.6705,2338.2366,2317.9915,2320.4245,-2.433,-0.1049,25988805.0,42763976.869,-0.0010485150454151437,-0.010975650498164069,-0.03922154111336562,0.007065431216598222,-0.010975650498164069,-0.03922154111336562,0.007065431216598222
000016.SH,20240812,2316.9106,2314.2612,2323.4205,2312.5793,2317.9915,-1.0809,-0.0466,22194984.0,32347884.418,-0.0004663088712792973,-0.005157578900660487,-0.04280515759951553,0.006967940683749903,-0.005157578900660487,-0.04280515759951553,0.006967940683749903
000016.SH,20240813,2317.6526,2318.9729,2321.5423,2304.5967,2316.9106,0.742,0.032,25109218.0,36056042.124,0.00032025404864555185,0.00186591995862595,-0.04417040072089762,0.0069329685501767525,0.00186591995862595,-0.04417040072089762,0.0069329685501767525
000016.SH,20240814,2306.1154,2317.8882,2317.8882,2305.4695,2317.6526,-11.5372,-0.4978,22049930.0,34691780.844,-0.00497796779379267,-0.0035908253886351993,-0.052086241037966996,0.006830155339092813,-0.0035908253886351993,-0.052086241037966996,0.006830155339092813
000016.SH,20240815,2335.9381,2300.4792,2343.2072,2295.7531,2306.1154,29.8227,1.2932,29315620.0,46630602.823,0.012932006785089545,0.006685673246425328,-0.04441403887881612,0.0075056122615464165,0.006685673246425328,-0.04441403887881612,0.0075056122615464165
000016.SH,20240816,2345.0481,2335.0422,2348.1529,2331.0796,2335.9381,9.11,0.39,30481578.0,39617340.954,0.0038999321086463645,0.011672432793649046,-0.04548288620517016,0.0074523530805244865,0.011672432793649046,-0.04548288620517016,0.0074523530805244865
000016.SH,20240819,2357.0309,2345.6447,2367.4051,2345.1153,2345.0481,11.9828,0.511,30885150.0,41304620.244,0.0051098312226518505,0.017316291789592597,-0.03104508125959682,0.007404137939064893,0.017316291789592597,-0.03104508125959682,0.007404137939064893
000016.SH,20240820,2346.6379,2361.181,2361.2992,2337.5071,2357.0309,-10.393,-0.4409,29898108.0,40474326.311,-0.004409360946434737,0.012506317814844348,-0.020876776374179062,0.006767656327174277,0.012506317814844348,-0.020876776374179062,0.006767656327174277
000016.SH,20240821,2339.072,2341.8119,2345.9738,2324.7075,2346.6379,-7.5659,-0.3224,26550899.0,37036690.61,-0.0032241446368866944,0.014290958726523417,-0.02169928823390166,0.006779061907832413,0.014290958726523417,-0.02169928823390166,0.006779061907832413
000016.SH,20240822,2341.1509,2340.1542,2344.9926,2332.3636,2339.072,2.0789,0.0889,31112912.0,44159381.961,0.000888771273393818,0.0022315659819924782,-0.012053937449785557,0.006534394556645003,0.0022315659819924782,-0.012053937449785557,0.006534394556645003
000016.SH,20240823,2355.3787,2338.6644,2361.0625,2338.3218,2341.1509,14.2278,0.6077,27900047.0,43651870.17,0.0060772673816114064,0.004405282774370578,2.649325697801075e-05,0.006562006523835318,0.004405282774370578,2.649325697801075e-05,0.006562006523835318
000016.SH,20240826,2352.2729,2356.7933,2361.8834,2341.2322,2355.3787,-3.1058,-0.1319,26900476.0,39379737.067,-0.0013185990006618908,-0.0020186413338918463,0.0016157270171188731,0.006534341190519769,-0.0020186413338918463,0.0016157270171188731,0.006534341190519769
000016.SH,20240827,2350.4141,2348.5443,2355.5744,2345.3023,2352.2729,-1.8588,-0.079,30952524.0,40323563.656,-0.0007902144347281537,0.0016091958627275638,0.006466715393911082,0.006400319513188072,0.0016091958627275638,0.006466715393911082,0.006400319513188072
000016.SH,20240828,2336.1475,2349.5198,2352.6952,2327.9241,2350.4141,-14.2666,-0.607,30092262.0,44898374.774,-0.0060698240365388845,-0.001250282163182681,-0.01652218398108407,0.005178228731306487,-0.001250282163182681,-0.01652218398108407,0.005178228731306487
000016.SH,20240829,2317.6636,2329.6623,2335.6749,2315.4868,2336.1475,-18.4839,-0.7912,44246295.0,54544179.743,-0.007912128836043197,-0.01003237339378693,-0.018114726942894177,0.005279415247827969,-0.01003237339378693,-0.018114726942894177,0.005279415247827969
000016.SH,20240830,2335.2146,2313.6095,2354.6274,2311.228,2317.6636,17.551,0.7573,63786046.0,87319585.886,0.007572712450590213,-0.008560873884102094,-0.003627019032559131,0.005392359933086611,-0.008560873884102094,-0.003627019032559131,0.005392359933086611
000016.SH,20240902,2299.9325,2321.1529,2326.0803,2299.1674,2335.2146,-35.2821,-1.5109,45499287.0,61799689.862,-0.01510871848779971,-0.0222509896704588,-0.01244768932169571,0.00621578976904558,-0.0222509896704588,-0.01244768932169571,0.00621578976904558
000016.SH,20240903,2291.1775,2299.3396,2301.6943,2286.0214,2299.9325,-8.755,-0.3807,44158877.0,50294835.783,-0.0038066334555471038,-0.025202622805913344,-0.009578634077426207,0.006099517039939978,-0.025202622805913344,-0.009578634077426207,0.006099517039939978
000016.SH,20240904,2271.8069,2279.4765,2289.3898,2268.2104,2291.1775,-19.3706,-0.8454,35482469.0,42801802.355,-0.008454430091077492,-0.027541326050688153,-0.018414586665782995,0.00634896265665737,-0.027541326050688153,-0.018414586665782995,0.00634896265665737
000016.SH,20240905,2275.1177,2272.9816,2281.5278,2267.3312,2271.8069,3.3108,0.1457,30352561.0,39145533.094,0.0014573421711148171,-0.018357237003679083,-0.019525220493060824,0.006321040918303613,-0.018357237003679083,-0.019525220493060824,0.006321040918303613
000016.SH,20240906,2263.5629,2276.5398,2288.9266,2263.321,2275.1177,-11.5548,-0.5079,25886004.0,34524514.997,-0.0050787702104378996,-0.030683132933478574,-0.023480931660016968,0.006387685570804467,-0.030683132933478574,-0.023480931660016968,0.006387685570804467
000016.SH,20240909,2232.9593,2252.3035,2256.0017,2226.6269,2263.5629,-30.6036,-1.352,34250688.0,47798368.916,-0.013520101429476461,-0.029119637206744042,-0.03623415594887436,0.006954026866180241,-0.029119637206744042,-0.03623415594887436,0.006954026866180241
000016.SH,20240910,2235.6866,2232.8303,2240.5884,2223.9033,2232.9593,2.7273,0.1221,30184005.0,40190747.619,0.0012213836588961247,-0.02421938064597784,-0.03536595605398318,0.006971525469894929,-0.02421938064597784,-0.03536595605398318,0.006971525469894929
000016.SH,20240911,2220.798,2228.8251,2228.8251,2213.8238,2235.6866,-14.8886,-0.666,34615529.0,45236993.415,-0.006659520167093258,-0.02245300866019917,-0.03699615379178356,0.0070221355854872105,-0.02245300866019917,-0.03699615379178356,0.0070221355854872105
000016.SH,20240912,2209.5603,2220.9007,2227.7321,2208.2481,2220.798,-11.2377,-0.506,28095301.0,42269201.973,-0.005060208087363072,-0.028814948782649674,-0.054101519214057814,0.006122269487137592,-0.028814948782649674,-0.054101519214057814,0.006122269487137592
000016.SH,20240913,2205.8115,2211.154,2222.5631,2204.8645,2209.5603,-3.7488,-0.1697,27098500.0,44106120.319,-0.0016966271524702092,-0.025513494676909665,-0.059374730949015575,0.005926655422855158,-0.025513494676909665,-0.059374730949015575,0.005926655422855158
000016.SH,20240918,2218.6562,2206.8536,2225.9124,2203.9821,2205.8115,12.8447,0.5823,26054620.0,40650056.23,0.005823117705207492,-0.006405445903111651,-0.058707206596230965,0.005980177903036984,-0.006405445903111651,-0.058707206596230965,0.005980177903036984
000016.SH,20240919,2229.8053,2224.2625,2239.9843,2199.4486,2218.6562,11.1491,0.5025,34968379.0,58318265.337,0.005025158922774997,-0.0026306459948366445,-0.049787229636067964,0.0062303129884374595,-0.0026306459948366445,-0.049787229636067964,0.0062303129884374595
000016.SH,20240920,2233.2565,2227.3519,2237.9802,2212.5224,2229.8053,3.4512,0.1548,36902087.0,55566735.871,0.0015477584522738397,0.005609920397983137,-0.04523823978056263,0.006293452014478493,0.005609920397983137,-0.04523823978056263,0.006293452014478493
000016.SH,20240923,2243.0249,2233.8583,2254.1614,2232.2822,2233.2565,9.7684,0.4374,27207257.0,45700293.896,0.004374060928514112,0.015145366252280912,-0.04191357336257151,0.006432903439402388,0.015145366252280912,-0.04191357336257151,0.006432903439402388
000016.SH,20240924,2352.1449,2270.3562,2352.3178,2257.2882,2243.0249,109.12,4.8649,60159105.0,101050490.178,0.048648590570706585,0.06633993883883549,-0.0013729427034389063,0.012989476264170465,0.06633993883883549,-0.0013729427034389063,0.012989476264170465
000016.SH,20240925,2386.3227,2391.2845,2426.6944,2380.589,2352.1449,34.1778,1.453,68403102.0,112177955.367,0.014530482369517372,0.07557119485209118,0.014475276231767253,0.013381707660333877,0.07557119485209118,0.014475276231767253,0.013381707660333877
000016.SH,20240926,2498.1797,2389.2682,2498.3234,2383.5101,2386.3227,111.857,4.6874,67742963.0,119232016.528,0.04687421361746247,0.12035777294098282,0.06286790059675029,0.016872329232782056,0.12035777294098282,0.06286790059675029,0.016872329232782056
000016.SH,20240927,2571.0848,2553.6017,2571.0848,2512.8179,2498.1797,72.9051,2.9183,64800776.0,114190842.276,0.029183288936340368,0.15127160717991872,0.10056612435644574,0.01767681627228703,0.15127160717991872,0.10056612435644574,0.01767681627228703
000016.SH,20240930,2755.4044,2657.5481,2778.2881,2621.7023,2571.0848,184.3196,7.1689,153324458.0,269284712.244,0.0716894285244889,0.22843237273023598,0.18887158602309673,0.02283710516249347,0.22843237273023598,0.18887158602309673,0.02283710516249347
000016.SH,20241008,2853.1376,3016.8743,3016.8743,2780.0303,2755.4044,97.7332,3.547,165973235.0,332253411.73,0.035469639229726235,0.2129939783896817,0.2217881816943077,0.023589512498656637,0.2129939783896817,0.2217881816943077,0.023589512498656637
000016.SH,20241009,2680.7145,2813.9557,2825.7394,2674.2463,2853.1376,-172.4231,-6.0433,124653375.0,291386974.601,-0.06043280211932289,0.12336629911788544,0.1655622501964733,0.02793764865347141,0.12336629911788544,0.1655622501964733,0.02793764865347141
000016.SH,20241010,2739.0507,2697.2924,2801.1196,2675.4415,2680.7145,58.3362,2.1761,115891754.0,219028734.621,0.021761437109397486,0.09641860431417304,0.1954773037008264,0.02795120122779286,0.09641860431417304,0.1954773037008264,0.02795120122779286
000016.SH,20241011,2680.388,2718.249,2737.0817,2653.6174,2739.0507,-58.6627,-2.1417,75378019.0,137937187.109,-0.021417164713307346,0.04251248344667591,0.17984851617450404,0.02852972411325482,0.04251248344667591,0.17984851617450404,0.02852972411325482
000016.SH,20241014,2723.183,2699.7073,2737.2733,2672.8084,2680.388,42.795,1.5966,80655001.0,143373984.403,0.015965972090607794,-0.011693891466530215,0.1969415911976775,0.02852067342453027,-0.011693891466530215,0.1969415911976775,0.02852067342453027
000016.SH,20241015,2655.1159,2711.6739,2726.9864,2655.1159,2723.183,-68.0671,-2.4995,58314144.0,113706265.388,-0.024995418963764227,-0.06940488955036739,0.17298083477158954,0.029387806683260458,-0.06940488955036739,0.17298083477158954,0.029387806683260458
000016.SH,20241016,2650.1756,2629.2419,2677.2195,2628.9539,2655.1159,-4.9403,-0.1861,56259713.0,102204384.793,-0.0018606720708499447,-0.011392074762157645,0.1868445609375864,0.02904336683439452,-0.011392074762157645,0.1868445609375864,0.02904336683439452
000016.SH,20241017,2610.467,2666.367,2680.0601,2610.467,2650.1756,-39.7086,-1.4983,49796854.0,94353946.568,-0.014983384497238572,-0.04694462209114991,0.1676354816457728,0.029494316443969604,-0.04694462209114991,0.1676354816457728,0.029494316443969604
000016.SH,20241018,2681.9116,2606.3767,2722.6463,2583.4892,2610.467,71.4446,2.7369,70198207.0,155844588.305,0.027368512990204374,0.0005684251682964714,0.2076341927541363,0.029574023229736665,0.0005684251682964714,0.2076341927541363,0.029574023229736665
000016.SH,20241021,2681.0567,2694.9659,2701.3576,2659.665,2681.9116,-0.8549,-0.0319,72042226.0,157954092.781,-0.00031876516735296345,-0.015469507557883566,0.2133892430996338,0.029466674268118276,-0.015469507557883566,0.2133892430996338,0.029466674268118276
000016.SH,20241022,2692.6613,2672.8534,2704.3458,2672.4493,2681.0567,11.6046,0.4328,52208167.0,115193657.02,0.004328367990128701,0.014140776302834945,0.22071233194676898,0.029370065107314235,0.014140776302834945,0.22071233194676898,0.029370065107314235
000016.SH,20241023,2708.0459,2691.1255,2728.2578,2682.942,2692.6613,15.3846,0.5714,56076797.0,119949400.339,0.005713529585024357,0.021836402085959827,0.22057933085802128,0.029370979852800648,0.021836402085959827,0.22057933085802128,0.029370979852800648
000016.SH,20241024,2680.7044,2695.379,2698.9996,2669.7099,2708.0459,-27.3415,-1.0096,42253335.0,90076501.0,-0.010096394599515501,0.026906066998739986,0.2022145610650401,0.029709938962126224,0.026906066998739986,0.2022145610650401,0.029709938962126224
000016.SH,20241025,2683.3246,2679.3494,2705.3314,2671.0383,2680.7044,2.6202,0.0977,46861453.0,102640845.785,0.0009774296636360091,0.0005268630032400079,0.20152996308305826,0.029718415240945643,0.0005268630032400079,0.20152996308305826,0.029718415240945643
000016.SH,20241028,2686.2894,2681.5075,2686.2894,2656.3248,2683.3246,2.9648,0.1105,53474972.0,105268557.743,0.0011048980060035518,0.001951730450161726,0.19761907235180498,0.029757862243926504,0.001951730450161726,0.19761907235180498,0.029757862243926504
000016.SH,20241029,2667.9385,2689.9168,2712.2827,2665.4245,2686.2894,-18.3509,-0.6831,50084286.0,112173896.896,-0.0068313190678561675,-0.009181548381149929,0.13425771516032037,0.028472113633012774,-0.009181548381149929,0.13425771516032037,0.028472113633012774
000016.SH,20241030,2634.7375,2658.2589,2674.3699,2624.0008,2667.9385,-33.201,-1.2444,44450688.0,98548356.583,-0.012444439780002425,-0.02707058990395983,0.10409941622731922,0.02871956880414104,-0.02707058990395983,0.10409941622731922,0.02871956880414104
000016.SH,20241031,2633.117,2637.2061,2654.6458,2613.2514,2634.7375,-1.6205,-0.0615,54529623.0,119295772.01,-0.0006150517840961545,-0.01775182672136466,0.05401424885487627,0.0270187913726829,-0.01775182672136466,0.05401424885487627,0.0270187913726829
000016.SH,20241101,2651.5349,2629.0433,2674.2511,2629.0433,2633.117,18.4179,0.6995,60844392.0,112656093.158,0.006994713869531877,-0.011847131726068438,0.031290333169874396,0.0263329916856272,-0.011847131726068438,0.031290333169874396,0.0263329916856272
000016.SH,20241104,2675.7707,2657.3144,2675.7707,2636.5763,2651.5349,24.2358,0.914,43015671.0,85743264.545,0.009140290780257132,-0.003915698732980921,-0.028900911967767784,0.020720512325239058,-0.003915698732980921,-0.028900911967767784,0.020720512325239058
000016.SH,20241105,2727.6665,2666.8611,2727.6665,2659.1659,2675.7707,51.8958,1.9395,55642484.0,129671764.768,0.01939471121348313,0.022387322646305163,-0.043976533063109224,0.019496464925220967,0.022387322646305163,-0.043976533063109224,0.019496464925220967
000016.SH,20241106,2706.6145,2730.4552,2743.1266,2691.7284,2727.6665,-21.052,-0.7718,59940818.0,139394922.731,-0.007717952322983668,0.027280516559998746,0.009661603277782982,0.013969998847384955,0.027280516559998746,0.009661603277782982,0.013969998847384955
000016.SH,20241107,2797.8602,2684.8126,2800.6123,2683.3174,2706.6145,91.2457,3.3712,67017244.0,154119319.357,0.03371211526429052,0.06256584876403126,0.021470759924232308,0.015131277351616196,0.06256584876403126,0.021470759924232308,0.015131277351616196
000016.SH,20241108,2765.5385,2825.9123,2833.07,2758.2136,2797.8602,-32.3217,-1.1552,67861757.0,167822297.611,-0.011552292712838197,0.042995323199404245,0.03176797538266851,0.01450398631252438,0.042995323199404245,0.03176797538266851,0.01450398631252438
000016.SH,20241111,2753.7448,2736.8382,2754.9744,2711.7625,2765.5385,-11.7937,-0.4265,61338658.0,146466629.959,-0.004264522081323441,0.02914080044302736,0.011222822704166413,0.014155329843457356,0.02914080044302736,0.011222822704166413,0.014155329843457356
000016.SH,20241112,2712.2651,2744.946,2778.8862,2701.6102,2753.7448,-41.4797,-1.5063,60114854.0,143127099.381,-0.01506301528013776,-0.005646364759034794,0.02152418280497681,0.013360031931293507,-0.005646364759034794,0.02152418280497681,0.013360031931293507
000016.SH,20241113,2728.2286,2697.1864,2737.5042,2696.6886,2712.2651,15.9635,0.5886,62644077.0,119899020.459,0.005885670984005165,0.007985658836897391,0.02945201065167158,0.013380447260387684,0.007985658836897391,0.02945201065167158,0.013380447260387684
000016.SH,20241114,2704.1521,2719.4553,2743.7546,2700.2037,2728.2286,-24.0765,-0.8825,60469571.0,109896762.529,-0.008824956970248099,-0.03349277422796193,0.035888252944779486,0.013046971806643007,-0.03349277422796193,0.035888252944779486,0.013046971806643007
000016.SH,20241115,2671.4515,2696.9612,2712.8776,2671.4515,2704.1521,-32.7006,-1.2093,70040262.0,118404551.146,-0.012092736943310145,-0.03402122226828519,-0.0039002404106085464,0.011918945235871373,-0.03402122226828519,-0.0039002404106085464,0.011918945235871373
000016.SH,20241118,2678.2735,2683.4931,2725.3011,2668.0586,2671.4515,6.822,0.2554,91045710.0,127985982.565,0.0025536679217270652,-0.027406788021896666,-0.0010380981498825381,0.011933828641608656,-0.027406788021896666,-0.0010380981498825381,0.011933828641608656
000016.SH,20241119,2671.1887,2679.5513,2683.3683,2637.8473,2678.2735,-7.0848,-0.2645,67003018.0,102108364.111,-0.00264528622636917,-0.015144684787633755,-0.007974489773370341,0.011903010088330763,-0.015144684787633755,-0.007974489773370341,0.011903010088330763
000016.SH,20241120,2676.2068,2667.4488,2686.3751,2657.5836,2671.1887,5.0181,0.1879,45017622.0,81206748.407,0.0018786018374514768,-0.01906797692832629,-0.011757223169666431,0.011831141929188084,-0.01906797692832629,-0.011757223169666431,0.011831141929188084
000016.SH,20241121,2680.798,2674.4342,2686.3147,2666.5676,2676.2068,4.5912,0.1716,37202384.0,72754859.824,0.001715562489415845,-0.008636385505090494,3.491619590723083e-05,0.011621173526041842,-0.008636385505090494,3.491619590723083e-05,0.011621173526041842
000016.SH,20241122,2601.5573,2679.6508,2683.7447,2601.5458,2680.798,-79.2407,-2.9559,48551764.0,96852390.065,-0.02955862396196951,-0.02616337972072491,-0.030472384891488735,0.013369455449880463,-0.02616337972072491,-0.030472384891488735,0.013369455449880463
000016.SH,20241125,2582.0536,2610.9605,2620.0303,2568.9547,2601.5573,-19.5037,-0.7497,45593530.0,86542885.244,-0.007496932702577674,-0.03592609193945262,-0.0388028929422124,0.013420810522260957,-0.03592609193945262,-0.0388028929422124,0.013420810522260957
000016.SH,20241126,2592.7374,2576.8092,2607.1247,2573.9661,2582.0536,10.6838,0.4138,39931653.0,64830132.9,0.004137714259688341,-0.02936943391532021,-0.028186969077435675,0.013432444115557898,-0.02936943391532021,-0.028186969077435675,0.013432444115557898
000016.SH,20241127,2625.7605,2588.8885,2626.3255,2583.4665,2592.7374,33.0231,1.2737,41079054.0,75602282.983,0.012736770025379318,-0.01884992594742685,-0.0034071705435552158,0.013517008372042278,-0.01884992594742685,-0.0034071705435552158,0.013517008372042278
000016.SH,20241128,2610.1214,2625.5067,2630.8034,2598.7484,2625.7605,-15.6391,-0.5956,34308739.0,63685958.938,-0.0059560268348921586,-0.02636401549090972,-0.008733223780029609,0.013580660290500849,-0.02636401549090972,-0.008733223780029609,0.013580660290500849
000016.SH,20241129,2624.9558,2612.2337,2660.3932,2610.7148,2610.1214,14.8344,0.5683,43001561.0,86826616.313,0.005683413805963378,0.008994035995286476,-0.010024043055212983,0.013546451614454974,0.008994035995286476,-0.010024043055212983,0.013546451614454974
000016.SH,20241202,2639.0408,2621.1436,2643.8665,2613.6159,2624.9558,14.085,0.5366,44608836.0,84570831.621,0.005365804635643734,0.02207049458616961,-0.013726848866384533,0.013432109389628603,0.02207049458616961,-0.013726848866384533,0.013432109389628603
000016.SH,20241203,2652.8982,2638.8056,2658.1522,2626.208,2639.0408,13.8574,0.5251,47373156.0,82863138.221,0.005250922986866913,0.023203583980390796,-0.02741108562941974,0.012674672174729198,0.023203583980390796,-0.02741108562941974,0.012674672174729198
000016.SH,20241204,2648.7554,2651.785,2660.8018,2638.113,2652.8982,-4.1428,-0.1562,48088171.0,84381105.671,-0.0015616128805847618,0.008757424753704779,-0.021376926784364758,0.012585366368492702,0.008757424753704779,-0.021376926784364758,0.012585366368492702
000016.SH,20241205,2635.5615,2637.627,2647.9841,2629.6309,2648.7554,-13.1939,-0.4981,33676521.0,60315067.352,-0.00498116964669526,0.009746711398174845,-0.05800815208708432,0.009583777962371486,0.009746711398174845,-0.05800815208708432,0.009583777962371486
000016.SH,20241206,2665.4281,2636.6066,2682.6891,2636.6066,2635.5615,29.8666,1.1332,43894491.0,85427061.368,0.01133215825166678,0.015418278662063578,-0.03619924293225352,0.009863382964373266,0.015418278662063578,-0.03619924293225352,0.009863382964373266
000016.SH,20241209,2667.5924,2666.2892,2686.5153,2658.4311,2665.4281,2.1643,0.0812,45926353.0,79459146.106,0.0008119896387375203,0.010818930878218946,-0.03128554250924054,0.009861813079199923,0.010818930878218946,-0.03128554250924054,0.009861813079199923
000016.SH,20241210,2689.3292,2741.7509,2747.0734,2684.7165,2667.5924,21.7368,0.8148,59443899.0,124161995.388,0.008148471258202727,0.013732528447567338,-0.008456363649703702,0.00954758953656545,0.013732528447567338,-0.008456363649703702,0.00954758953656545
000016.SH,20241211,2676.5518,2684.5906,2696.0071,2671.5218,2689.3292,-12.7774,-0.4751,40802387.0,74840666.598,-0.004751147609597162,0.010494136227150452,-0.018941521249355664,0.009476137346551325,0.010494136227150452,-0.018941521249355664,0.009476137346551325
000016.SH,20241212,2702.2681,2673.9435,2704.0286,2667.637,2676.5518,25.7163,0.9608,41273831.0,81318183.41,0.009607996378026229,0.025310204296124406,-0.000696706372396716,0.009562090388623802,0.025310204296124406,-0.000696706372396716,0.009562090388623802
000016.SH,20241213,2638.0266,2684.2932,2684.4109,2636.9729,2702.2681,-64.2415,-2.3773,61597705.0,120459478.408,-0.023773177798309342,-0.010280337331177614,-0.012511887264283095,0.01063647064309259,-0.010280337331177614,-0.012511887264283095,0.01063647064309259
000016.SH,20241216,2641.5604,2637.7401,2647.6977,2635.2467,2638.0266,3.5338,0.134,54098120.0,93658808.689,0.0013395619286020732,-0.009758612297740887,-0.01370774866719171,0.010621127948465512,-0.009758612297740887,-0.01370774866719171,0.010621127948465512
000016.SH,20241217,2652.3455,2637.3498,2672.9552,2637.3498,2641.5604,10.7851,0.4083,44279234.0,83019813.879,0.004082851938573828,-0.013752016673897804,-0.007054237688262299,0.010660607275450838,-0.013752016673897804,-0.007054237688262299,0.010660607275450838
000016.SH,20241218,2671.3461,2662.0322,2681.1212,2661.8983,2652.3455,19.0006,0.7164,44259056.0,80506001.923,0.007163697188017348,-0.0019449277985205127,-0.001816264722143246,0.010782244961969932,-0.0019449277985205127,-0.001816264722143246,0.010782244961969932
000016.SH,20241219,2661.7224,2652.1949,2672.5807,2642.6831,2671.3461,-9.6237,-0.3603,40214140.0,76390568.283,-0.0036025657626318486,-0.01500432173994859,-0.007115642431842928,0.010802356734015117,-0.01500432173994859,-0.007115642431842928,0.010802356734015117
000016.SH,20241220,2648.4609,2654.8486,2670.3177,2644.8364,2661.7224,-13.2615,-0.4982,42493510.0,93206952.097,-0.004982300182768906,0.003955342982515653,0.018029047447849722,0.008438113104210382,0.003955342982515653,0.018029047447849722,0.008438113104210382
000016.SH,20241223,2671.2025,2648.9188,2688.8864,2648.9188,2648.4609,22.7416,0.8587,56629099.0,106625576.091,0.00858672295294216,0.011221435633271826,0.03452635530106729,0.008358989517905433,0.011221435633271826,0.03452635530106729,0.008358989517905433
000016.SH,20241224,2702.282,2671.9088,2704.5775,2666.3412,2671.2025,31.0795,1.1635,46469198.0,87285837.704,0.011635022054673927,0.018827298328969677,0.04225055726815996,0.008636072624315257,0.018827298328969677,0.04225055726815996,0.008636072624315257
000016.SH,20241225,2710.1649,2706.5666,2726.1403,2700.6812,2702.282,7.8829,0.2917,51010381.0,88415659.672,0.002917127080001247,0.014531550217323108,0.032144744351208177,0.008271363765649992,0.014531550217323108,0.032144744351208177,0.008271363765649992
000016.SH,20241226,2702.5952,2709.5915,2709.5915,2692.8677,2710.1649,-7.5697,-0.2793,41770736.0,81211471.711,-0.0027930772773272494,0.015355771135261875,0.03542892679244747,0.008148291997023245,0.015355771135261875,0.03542892679244747,0.008148291997023245
000016.SH,20241227,2701.7031,2701.2086,2713.8405,2686.5011,2702.5952,-0.8921,-0.033,44894855.0,91610184.876,-0.00033009012966500606,0.02010307193887595,0.02923755897146907,0.008107289016320782,0.02010307193887595,0.02923755897146907,0.008107289016320782
000016.SH,20241230,2718.7486,2700.2245,2724.7263,2700.2245,2701.7031,17.0455,0.6309,44994763.0,88812005.642,0.006309168464884163,0.0177995116431644,0.03020332235863865,0.008133827970452414,0.0177995116431644,0.03020332235863865,0.008133827970452414
000016.SH,20241231,2684.7706,2715.2066,2725.7876,2684.7706,2718.7486,-33.978,-1.2498,50745554.0,98345133.825,-0.012497661607991262,-0.0064802267120901424,0.012014181320640027,0.008656810984962938,-0.0064802267120901424,0.012014181320640027,0.008656810984962938
000016.SH,20250102,2610.342,2682.4157,2684.2467,2595.3991,2684.7706,-74.4286,-2.7723,61160984.0,113930275.697,-0.02772251752160859,-0.036832777223260504,-0.014502433860068775,0.010733302068121276,-0.036832777223260504,-0.014502433860068775,0.010733302068121276
000016.SH,20250103,2587.1316,2615.3507,2620.6463,2579.439,2610.342,-23.2104,-0.8892,50804858.0,87224134.02,-0.008891708442801738,-0.0427232313592506,-0.018375552989372324,0.010850851753395346,-0.0427232313592506,-0.018375552989372324,0.010850851753395346
000016.SH,20250106,2579.9632,2589.3354,2591.8944,2555.9276,2587.1316,-7.1684,-0.2771,44486402.0,78511005.261,-0.0027707906316014608,-0.0450604287347488,-0.032064230132487936,0.010467596627362748,-0.0450604287347488,-0.032064230132487936,0.010467596627362748
000016.SH,20250107,2593.9654,2576.6772,2595.6633,2566.6785,2579.9632,14.0022,0.5427,39218598.0,76104916.408,0.005427286714787316,-0.045897292599985096,-0.027600543471333894,0.010573342824453108,-0.045897292599985096,-0.027600543471333894,0.010573342824453108
000016.SH,20250108,2597.4459,2587.5267,2611.1528,2565.5989,2593.9654,3.4805,0.1342,46257463.0,86623183.322,0.001341768089890616,-0.03252594467475156,-0.034165880473093435,0.010359064451412024,-0.03252594467475156,-0.034165880473093435,0.010359064451412024
000016.SH,20250109,2579.5751,2595.6918,2597.0557,2574.603,2597.4459,-17.8708,-0.688,34356506.0,66475790.924,-0.006880143297691044,-0.011786539848035238,-0.03623195336626783,0.01040307372380469,-0.011786539848035238,-0.03623195336626783,0.01040307372380469
000016.SH,20250110,2560.2497,2585.1998,2593.0872,2560.2497,2579.5751,-19.3254,-0.7492,36166878.0,77578645.821,-0.007491698923594137,-0.010390619479890506,-0.052555259043319924,0.010115579040852892,-0.010390619479890506,-0.052555259043319924,0.010115579040852892
000016.SH,20250113,2553.3593,2545.3785,2561.2408,2533.3131,2560.2497,-6.8904,-0.2691,39699495.0,74913721.774,-0.0026912999931216763,-0.010311736229416057,-0.03209493793580398,0.008812737147173764,-0.010311736229416057,-0.03209493793580398,0.008812737147173764
000016.SH,20250114,2598.8068,2556.4221,2606.0889,2549.1691,2553.3593,45.4475,1.7799,42688184.0,93365866.186,0.0177991009725893,0.0018664088580362392,-0.0161849791509594,0.00981275976484975,0.0018664088580362392,-0.0161849791509594,0.00981275976484975
000016.SH,20250115,2591.5027,2592.3164,2606.0658,2587.4642,2598.8068,-7.3041,-0.2811,41213511.0,82839783.228,-0.002810559061181439,-0.0022880938540433826,-0.022939243774990792,0.009754239868516566,-0.0022880938540433826,-0.022939243774990792,0.009754239868516566
000016.SH,20250116,2580.1177,2601.1234,2614.6006,2572.1092,2591.5027,-11.385,-0.4393,38987110.0,91764851.332,-0.0043932039893302965,0.00021034471917480424,-0.03415072273862241,0.009578782198549771,0.00021034471917480424,-0.03415072273862241,0.009578782198549771
000016.SH,20250117,2582.4859,2572.966,2595.1637,2561.9682,2580.1177,2.3682,0.0918,34250232.0,74422623.874,0.0009178651035959273,0.00868516848180878,-0.02976888198408667,0.009584659787021568,0.00868516848180878,-0.02976888198408667,0.009584659787021568
000016.SH,20250120,2589.0685,2595.3248,2609.6517,2585.1266,2582.4859,6.5826,0.2549,36261216.0,78458291.843,0.002548939376590509,0.013985184145451024,-0.02242525083153013,0.009587185799404839,0.013985184145451024,-0.02242525083153013,0.009587185799404839
000016.SH,20250121,2584.8889,2598.8309,2599.8866,2579.6677,2589.0685,-4.1796,-0.1614,34366587.0,71219861.002,-0.0016143257700597102,-0.0053554962223432145,-0.03231263822192443,0.00931272992977677,-0.0053554962223432145,-0.03231263822192443,0.00931272992977677
000016.SH,20250122,2551.3535,2580.1051,2580.1864,2544.2599,2584.8889,-33.5354,-1.2974,39846158.0,78224188.306,-0.012973633025388343,-0.015492632903681636,-0.05585223895951641,0.009095252964460853,-0.015492632903681636,-0.05585223895951641,0.009095252964460853
000016.SH,20250123,2567.4765,2571.8276,2605.8648,2564.7506,2551.3535,16.123,0.6319,51323995.0,91020169.339,0.006319390864496066,-0.004899466408063269,-0.05264934248096864,0.009239081268490466,-0.004899466408063269,-0.05264934248096864,0.009239081268490466
000016.SH,20250124,2579.096,2562.8655,2594.5812,2559.4923,2567.4765,11.6195,0.4526,37663633.0,74793262.621,0.004525649991343528,-0.0013126499548361537,-0.045696521624844166,0.009377429347904446,-0.0013126499548361537,-0.045696521624844166,0.009377429347904446
000016.SH,20250127,2583.6516,2582.8389,2597.351,2582.0869,2579.096,4.5556,0.1766,39196764.0,74483969.42,0.0017663553431124246,-0.0020922196535162474,-0.0436952158066517,0.009412189491388015,-0.0020922196535162474,-0.0436952158066517,0.009412189491388015
000016.SH,20250205,2561.9419,2604.1391,2604.3161,2556.4832,2583.6516,-21.7097,-0.8403,43535465.0,95633989.43,-0.008402719623652133,-0.008877364129653786,-0.05767605728606173,0.00928712578978037,-0.008877364129653786,-0.05767605728606173,0.00928712578978037
000016.SH,20250206,2580.4257,2559.8268,2585.2885,2554.4754,2561.9419,18.4838,0.7215,39895336.0,86833175.555,0.007214761583781426,0.011394814556273669,-0.03886548072300855,0.00926368496279394,0.011394814556273669,-0.03886548072300855,0.00926368496279394
000016.SH,20250207,2608.0888,2578.6829,2624.675,2570.1805,2580.4257,27.6631,1.072,58337411.0,119024768.416,0.010720362923063442,0.015817983144149395,-0.000863181912561739,0.007441292904962555,0.015817983144149395,-0.000863181912561739,0.007441292904962555
000016.SH,20250210,2621.0404,2612.0607,2628.391,2606.2946,2608.0888,12.9516,0.4966,56063207.0,100735587.339,0.004965935208954386,0.01626321780965112,0.013106716334027935,0.007213107598203632,0.01626321780965112,0.013106716334027935,0.007213107598203632
000016.SH,20250211,2614.3218,2625.1833,2626.1749,2607.2438,2621.0404,-6.7186,-0.2563,51712769.0,91936660.828,-0.0025633332473622428,0.01187087299231826,0.01331747677641304,0.007208037492675309,0.01187087299231826,0.01331747677641304,0.007208037492675309
000016.SH,20250212,2640.0458,2611.962,2641.7287,2607.2684,2614.3218,25.724,0.984,44301409.0,92263448.948,0.009839645601394498,0.030486210479636622,0.01776446208573179,0.0074250408478729124,0.030486210479636622,0.01776446208573179,0.0074250408478729124
000016.SH,20250213,2641.1305,2638.9805,2663.7852,2635.449,2640.0458,1.0847,0.0411,46344081.0,100429616.232,0.00041086408425194954,0.023525110604812438,0.01681829061386808,0.0074250893753373065,0.023525110604812438,0.01681829061386808,0.0074250893753373065
000016.SH,20250214,2660.8549,2638.2075,2662.2921,2633.707,2641.1305,19.7244,0.7468,56371426.0,100982418.177,0.007468165620744482,0.020231711435592103,0.031508987662347776,0.0073303981931944545,0.020231711435592103,0.031508987662347776,0.0073303981931944545
000016.SH,20250217,2664.475,2665.545,2672.0299,2647.4516,2660.8549,3.6201,0.1361,69410594.0,118021637.918,0.0013605025963647766,0.016571511068658173,0.040709037091186895,0.007014395411338497,0.016571511068658173,0.040709037091186895,0.007014395411338497
000016.SH,20250218,2651.1117,2659.0877,2679.8226,2644.2945,2664.475,-13.3633,-0.5015,65094963.0,110620418.39,-0.00501535949858789,0.014072445098380681,0.03828384042935129,0.00711508759046435,0.014072445098380681,0.03828384042935129,0.00711508759046435
000016.SH,20250219,2663.6032,2648.3564,2673.5192,2643.9559,2651.1117,12.4915,0.4712,56214330.0,102699793.604,0.004711796941637703,0.008923102773444436,0.02493313469858549,0.006106667341630479,0.008923102773444436,0.02493313469858549,0.006106667341630479
000016.SH,20250220,2648.1665,2659.1258,2659.6002,2641.9103,2663.6032,-15.4367,-0.5795,48099429.0,94873658.941,-0.00579542027881641,0.0026640107332824847,0.021865229004006004,0.006246008436099112,0.0026640107332824847,0.021865229004006004,0.006246008436099112
000016.SH,20250221,2682.2385,2657.8014,2686.3343,2649.2005,2648.1665,34.072,1.2866,68488623.0,145869436.409,0.012866260486264824,0.008036364553362096,0.03957989978519194,0.00662766856326652,0.008036364553362096,0.03957989978519194,0.00662766856326652
000016.SH,20250224,2674.1169,2674.6908,2692.8077,2661.3214,2682.2385,-8.1216,-0.3028,68521481.0,130633372.682,-0.0030279186582401474,0.0036186866080560876,0.03548170388848981,0.006718540493874996,0.0036186866080560876,0.03548170388848981,0.006718540493874996
000016.SH,20250225,2643.2325,2654.1336,2664.1569,2636.903,2674.1169,-30.8844,-1.1549,53327168.0,109588142.135,-0.011549382900949423,-0.0029720362216347773,0.020920265338673083,0.007342714187360668,-0.0029720362216347773,0.020920265338673083,0.007342714187360668
000016.SH,20250226,2666.6563,2649.9011,2667.0244,2645.9912,2643.2325,23.4238,0.8862,51923039.0,106325770.282,0.008861800844231382,0.0011462292882062908,0.03163284890116569,0.0075134731105866845,0.0011462292882062908,0.03163284890116569,0.0075134731105866845
000016.SH,20250227,2679.0768,2664.319,2681.5068,2655.0014,2666.6563,12.4205,0.4658,53673004.0,113226675.238,0.004657705606830431,0.011672340088887845,0.05006099703549505,0.006706364758260419,0.011672340088887845,0.05006099703549505,0.006706364758260419
000016.SH,20250228,2638.9574,2670.4263,2691.2942,2638.9574,2679.0768,-40.1194,-1.4975,56335229.0,119368499.697,-0.014975083954293478,-0.016136186248911222,0.02784091694704882,0.007681945235797565,-0.016136186248911222,0.02784091694704882,0.007681945235797565
000016.SH,20250303,2628.5236,2645.0108,2655.3109,2619.1936,2638.9574,-10.4338,-0.3954,49692811.0,95762973.45,-0.00395375840473966,-0.017049852981371183,0.019164699569151455,0.007734290731104064,-0.017049852981371183,0.019164699569151455,0.007734290731104064
000016.SH,20250304,2621.2168,2617.9203,2629.6666,2609.3373,2628.5236,-7.3068,-0.278,41851280.0,76609271.882,-0.0027798114500474647,-0.00832908191012327,0.014539576466114923,0.007776593107542853,-0.00832908191012327,0.014539576466114923,0.007776593107542853
000016.SH,20250305,2641.4462,2623.7171,2644.7537,2619.7901,2621.2168,20.2294,0.7718,48397500.0,83287497.036,0.0077175607908508415,-0.009453824251741905,0.031032827091043824,0.007611590398603626,-0.009453824251741905,0.031032827091043824,0.007611590398603626
000016.SH,20250306,2683.9491,2655.5378,2689.454,2655.5378,2641.4462,42.5029,1.6091,57714226.0,118191920.836,0.016090768761445995,0.001818648871880102,0.040118729246883644,0.008195232984612187,0.001818648871880102,0.040118729246883644,0.008195232984612187
000016.SH,20250307,2682.0161,2677.5744,2695.3774,2675.418,2683.9491,-1.933,-0.072,44317393.0,89653597.495,-0.000720207398866135,0.016316557440449797,0.02834539222744259,0.007950168568751848,0.016316557440449797,0.02834539222744259,0.007950168568751848
000016.SH,20250310,2668.8062,2682.8829,2683.6054,2653.0271,2682.0161,-13.2099,-0.4925,50838623.0,92839536.793,-0.004925361932018202,0.015325181025576562,0.018223984643655378,0.008025831236190696,0.015325181025576562,0.018223984643655378,0.008025831236190696
000016.SH,20250311,2682.223,2644.8189,2682.223,2644.0821,2668.8062,13.4168,0.5027,42194461.0,82380121.53,0.0050272664984065685,0.023274000075079515,0.025972778102527405,0.008031216838021975,0.023274000075079515,0.025972778102527405,0.008031216838021975
000016.SH,20250312,2669.0146,2684.7199,2686.7821,2666.4884,2682.223,-13.2084,-0.4924,43449533.0,83095551.076,-0.004924422764251868,0.010436858414909267,0.010972839940882828,0.00788344741312745,0.010436858414909267,0.010972839940882828,0.00788344741312745
000016.SH,20250313,2664.6173,2670.9931,2684.1246,2655.3327,2669.0146,-4.3973,-0.1648,42495068.0,82261523.047,-0.0016475368849612204,-0.007202744642213932,0.00889270711916712,0.007899127952895907,-0.007202744642213932,0.00889270711916712,0.007899127952895907
000016.SH,20250314,2740.5066,2674.4949,2748.1031,2674.0264,2664.6173,75.8893,2.848,65485152.0,138676918.07,0.028480375024210858,0.02180840748867996,0.029934627401140945,0.009997261264787722,0.02180840748867996,0.029934627401140945,0.009997261264787722
000016.SH,20250317,2737.9227,2755.4898,2755.9438,2734.5049,2740.5066,-2.5839,-0.0943,44380739.0,90137904.312,-0.0009428548721612806,0.025897908960193616,0.0275655429305961,0.010012487290238634,0.025897908960193616,0.0275655429305961,0.010012487290238634
000016.SH,20250318,2739.7453,2749.3221,2751.7256,2737.0077,2737.9227,1.8226,0.0666,38611198.0,79263946.674,0.0006656871649444174,0.021445756001645,0.03343261621153126,0.009900632450973425,0.021445756001645,0.03343261621153126,0.009900632450973425
000016.SH,20250319,2746.9627,2737.3127,2757.6177,2733.5664,2739.7453,7.2174,0.2634,46328423.0,80168850.179,0.002634332468788303,0.029204823383131684,0.03129576507491816,0.009878153547110424,0.029204823383131684,0.03129576507491816,0.009878153547110424
000016.SH,20250320,2718.1862,2748.2942,2749.2214,2713.4671,2746.9627,-28.7765,-1.0476,39710765.0,79752316.531,-0.010475752000564054,0.02010378751200048,0.026440822357657767,0.010114877978045564,0.02010378751200048,0.026440822357657767,0.010114877978045564
000016.SH,20250321,2675.3578,2712.7384,2722.4899,2669.7898,2718.1862,-42.8284,-1.5756,46810782.0,95379103.759,-0.015756242158833644,-0.023772538989689007,-0.0025652826920498084,0.010420549741220288,-0.023772538989689007,-0.0025652826920498084,0.010420549741220288
000016.SH,20250324,2693.3313,2675.4609,2696.344,2675.4609,2675.3578,17.9735,0.6718,44923932.0,78582064.201,0.006718166818658666,-0.016286581063811756,0.007185325368535667,0.010502854518101871,-0.016286581063811756,0.007185325368535667,0.010502854518101871
000016.SH,20250325,2691.8976,2695.2974,2698.5469,2685.2874,2693.3313,-1.4337,-0.0532,37096214.0,67191749.413,-0.000532314758306951,-0.017464287647468657,0.018411206732665386,0.010124690654197886,-0.017464287647468657,0.018411206732665386,0.010124690654197886
000016.SH,20250326,2677.3121,2692.4167,2696.5357,2675.7033,2691.8976,-14.5855,-0.5418,37833189.0,68101913.148,-0.005418296743531337,-0.02535549536220494,0.0039959405342189225,0.010041374992018065,-0.02535549536220494,0.0039959405342189225,0.010041374992018065
000016.SH,20250327,2690.8428,2673.9347,2704.7428,2673.7738,2677.3121,13.5307,0.5054,36473723.0,72464460.695,0.005053837391613802,-0.010059428599850984,0.004391811388161804,0.010050919125052304,-0.010059428599850984,0.004391811388161804,0.010050919125052304
000016.SH,20250328,2679.7399,2691.666,2692.7029,2673.2376,2690.8428,-11.1029,-0.4126,35920053.0,61503758.55,-0.004126179351688575,0.0016379491371210086,0.015454019833742061,0.009460434097693886,0.0016379491371210086,0.015454019833742061,0.009460434097693886
000016.SH,20250331,2665.6339,2676.0507,2692.4443,2657.3015,2679.7399,-14.106,-0.5264,49951364.0,77661233.821,-0.0052639437133432665,-0.010283695882493227,0.014118305804825093,0.009499606889720314,-0.010283695882493227,0.014118305804825093,0.009499606889720314
000016.SH,20250401,2662.7113,2669.0047,2674.113,2659.0215,2665.6339,-2.9226,-0.1096,40847477.0,70662404.864,-0.0010963996218684713,-0.010842277209950235,0.01583024341977346,0.009474167231174314,-0.010842277209950235,0.01583024341977346,0.009474167231174314
000016.SH,20250402,2658.6209,2659.1031,2669.3567,2653.4516,2662.7113,-4.0904,-0.1536,32168634.0,54121061.011,-0.0015361785560454866,-0.006981330267771257,0.0065020063630294445,0.009345072874225663,-0.006981330267771257,0.0065020063630294445,0.009345072874225663
000016.SH,20250403,2662.2522,2631.4749,2671.7119,2631.4749,2658.6209,3.6313,0.1366,42173571.0,75585801.657,0.0013658585170981397,-0.010625146887064507,-0.008083946152331989,0.008590524472644257,-0.010625146887064507,-0.008083946152331989,0.008590524472644257
000016.SH,20250407,2516.9653,2555.7101,2579.597,2457.0802,2662.2522,-145.2869,-5.4573,102701231.0,177150238.582,-0.054572928890809114,-0.06074268625846868,-0.061539824462649606,0.0148587482188712,-0.06074268625846868,-0.061539824462649606,0.0148587482188712
000016.SH,20250408,2574.3529,2526.508,2574.3529,2510.6364,2516.9653,57.3876,2.28,90153523.0,153822744.042,0.022800314330912785,-0.03424363713261602,-0.03539159194099595,0.015930619784865308,-0.03424363713261602,-0.03539159194099595,0.015930619784865308
000016.SH,20250409,2597.1016,2548.4871,2597.1016,2541.5521,2574.3529,22.7487,0.8837,77718696.0,143706408.579,0.008836667265004872,-0.02464018536294188,-0.031735392620225844,0.016037415903894105,-0.02464018536294188,-0.031735392620225844,0.016037415903894105
000016.SH,20250410,2612.619,2628.5216,2628.5216,2590.7633,2597.1016,15.5174,0.5975,61119831.0,114806163.558,0.005974891394314508,-0.017302918215981733,-0.021129745787078047,0.016099521533564497,-0.017302918215981733,-0.021129745787078047,0.016099521533564497
000016.SH,20250411,2619.5762,2620.7735,2621.1634,2595.4989,2612.619,6.9572,0.2663,44939276.0,91197020.081,0.002662921765477444,-0.016030036523211444,-0.016903402976479964,0.016118419190395552,-0.016030036523211444,-0.016903402976479964,0.016118419190395552
000016.SH,20250414,2628.206,2623.5677,2636.7898,2615.3932,2619.5762,8.6298,0.3294,45123283.0,85930881.736,0.0032943496738138123,0.04419635820962653,-0.04097804398646587,0.014631759142887524,0.04419635820962653,-0.04097804398646587,0.014631759142887524
000016.SH,20250415,2634.5926,2624.2008,2637.7501,2615.3674,2628.206,6.3866,0.243,42005386.0,72435255.514,0.002430022608577831,0.023399938679735888,-0.037740327730947265,0.014663814078610391,0.023399938679735888,-0.037740327730947265,0.014663814078610391
000016.SH,20250416,2658.4955,2639.2018,2661.7812,2616.8698,2634.5926,23.9029,0.9073,51224732.0,89314649.756,0.009072712039045472,0.02363939092717815,-0.029655968385090437,0.014857942426948038,0.02363939092717815,-0.029655968385090437,0.014857942426948038
000016.SH,20250417,2659.8958,2648.0456,2661.8036,2639.9717,2658.4955,1.4003,0.0527,37879985.0,71370542.638,0.0005267264887225398,0.018095558518099963,-0.031695697943040946,0.014835304304951743,0.018095558518099963,-0.031695697943040946,0.014835304304951743
000016.SH,20250418,2657.6367,2648.6596,2666.2714,2645.8694,2659.8958,-2.2591,-0.0849,30353172.0,52214827.163,-0.0008493189846007221,0.014529258587705929,-0.022275699876631028,0.014684228705751102,0.014529258587705929,-0.022275699876631028,0.014684228705751102
000016.SH,20250421,2652.8103,2655.5448,2671.3441,2652.6543,2657.6367,-4.8264,-0.1816,34411982.0,61440920.944,-0.0018160495751732286,0.0093616329922388,-0.008427844679317342,0.014273063830425597,0.0093616329922388,-0.008427844679317342,0.014273063830425597
000016.SH,20250422,2656.5387,2651.4909,2667.8383,2650.3306,2652.8103,3.7284,0.1405,37220822.0,63033510.402,0.001405452926656725,0.008329978608457411,-0.013660629124979784,0.014184270197147153,0.008329978608457411,-0.013660629124979784,0.014184270197147153
000016.SH,20250423,2648.8297,2662.9263,2664.4666,2646.3609,2656.5387,-7.709,-0.2902,33046358.0,62628844.144,-0.002901896366124923,-0.003635815821392274,-0.015999085552139913,0.014193661610820914,-0.003635815821392274,-0.015999085552139913,0.014193661610820914
000016.SH,20250424,2655.3644,2648.7676,2665.7286,2648.7568,2648.8297,6.5347,0.2467,31252679.0,54273603.618,0.0024670140175491184,-0.0017036005696162704,-0.008197662125383198,0.014165420201374575,-0.0017036005696162704,-0.008197662125383198,0.014165420201374575
000016.SH,20250425,2648.8101,2660.1592,2663.3454,2643.3976,2655.3644,-6.5543,-0.2468,32380960.0,57165147.061,-0.0024683241215404106,-0.003321221444601452,-0.01562064495183435,0.014115179718234208,-0.003321221444601452,-0.01562064495183435,0.014115179718234208
000016.SH,20250428,2651.2252,2643.1361,2658.4621,2636.4085,2648.8101,2.4151,0.0912,32909451.0,57671224.641,0.0009117678915524507,-0.0005975172819557839,-0.01064084615077765,0.014095564960775204,-0.0005975172819557839,-0.01064084615077765,0.014095564960775204
000016.SH,20250429,2645.5122,2650.4321,2655.3406,2639.7997,2651.2252,-5.713,-0.2155,28042631.0,53894218.051,-0.002154852782781269,-0.0041507018136043294,-0.007548560963303919,0.014056628836122666,-0.0041507018136043294,-0.007548560963303919,0.014056628836122666
000016.SH,20250430,2633.1603,2646.0637,2651.2985,2631.8404,2645.5122,-12.3519,-0.4669,43217657.0,72498161.017,-0.004669001337434864,-0.005915593592143664,-0.011098086375342264,0.01409017806507383,-0.005915593592143664,-0.011098086375342264,0.01409017806507383
000016.SH,20250506,2647.7166,2650.4635,2650.4635,2633.4092,2633.1603,14.5563,0.5528,40705260.0,69691273.413,0.005528072104079795,-0.0028801320074938186,-0.004101487353838085,0.014150222109674841,-0.0028801320074938186,-0.004101487353838085,0.014150222109674841
000016.SH,20250507,2670.7023,2685.5582,2685.5582,2656.1999,2647.7166,22.9857,0.8681,47055825.0,80654623.02,0.008681329414182759,0.008264918651586184,0.0031740418882928445,0.014284234883918655,0.008264918651586184,0.0031740418882928445,0.014284234883918655
000016.SH,20250508,2679.509,2661.2658,2695.7768,2658.6733,2670.7023,8.8067,0.3298,33449077.0,63409173.355,0.0032975221536297727,0.010668199744027884,0.06457923754451445,0.006122036073274943,0.010668199744027884,0.06457923754451445,0.006122036073274943
000016.SH,20250509,2684.0056,2676.1238,2689.5999,2676.1238,2679.509,4.4966,0.1678,32778706.0,60326302.134,0.00167814327177096,0.01455045264958521,0.042594276798647135,0.004012450594647943,0.01455045264958521,0.042594276798647135,0.004012450594647943
000016.SH,20250512,2702.6172,2688.7482,2710.6107,2681.9561,2684.0056,18.6116,0.6934,39123990.0,78880161.766,0.006934262730301288,0.026377771227980462,0.040628214159969867,0.0038640339928221724,0.026377771227980462,0.040628214159969867,0.0038640339928221724
000016.SH,20250513,2708.0588,2713.1095,2713.1095,2702.0573,2702.6172,5.4416,0.2013,39965507.0,69358082.049,0.0020134556976842966,0.022790278989828217,0.036530316896569826,0.0037494031949288436,0.022790278989828217,0.036530316896569826,0.0037494031949288436
000016.SH,20250514,2753.785,2708.558,2766.2533,2708.4178,2708.0588,45.7262,1.6885,46485155.0,94724047.792,0.016885231590983096,0.031108933406767125,0.05123302005874075,0.0050458180541623565,0.031108933406767125,0.05123302005874075,0.0050458180541623565
000016.SH,20250515,2740.2976,2748.535,2758.0842,2735.9038,2753.785,-13.4874,-0.4898,37878448.0,69236007.246,-0.0048977679811604835,0.022686469797265074,0.042649472682126044,0.005304934022986447,0.022686469797265074,0.042649472682126044,0.005304934022986447
000016.SH,20250516,2716.6618,2734.7448,2739.0569,2706.4662,2740.2976,-23.6358,-0.8625,37006336.0,61093286.552,-0.008625267562180072,0.012166964182190876,0.031150622680713447,0.005820101355524117,0.012166964182190876,0.031150622680713447,0.005820101355524117
000016.SH,20250519,2705.0884,2710.3218,2716.8646,2701.2521,2716.6618,-11.5734,-0.426,26951611.0,51689571.429,-0.004260154870952215,0.0009143729271019474,0.01752604057445284,0.005674977703521108,0.0009143729271019474,0.01752604057445284,0.005674977703521108
000016.SH,20250520,2716.6294,2710.3934,2729.7611,2710.3934,2705.0884,11.541,0.4266,29309796.0,56673728.977,0.004266404011048053,0.0031648500394452217,0.021329256582156342,0.005723972889671481,0.0031648500394452217,0.021329256582156342,0.005723972889671481
000016.SH,20250521,2728.4262,2716.8379,2740.7712,2716.8379,2716.6294,11.7968,0.4342,31426341.0,59788131.489,0.004342439936783515,-0.00920870728833223,0.02663625919976198,0.005749953303331361,-0.00920870728833223,0.02663625919976198,0.005749953303331361
000016.SH,20250522,2733.6323,2725.4484,2738.238,2718.7863,2728.4262,5.2061,0.1908,27835070.0,51703120.339,0.0019080963230746484,-0.0024323270581997347,0.030466558426737178,0.005702786849453989,-0.0024323270581997347,0.030466558426737178,0.005702786849453989
000016.SH,20250523,2711.8524,2731.1827,2742.118,2711.8524,2733.6323,-21.7799,-0.7967,33668536.0,69083844.571,-0.007967384640575115,-0.001770334459740175,0.020821718125167976,0.006084770420802068,-0.001770334459740175,0.020821718125167976,0.006084770420802068
000016.SH,20250526,2699.4225,2708.2166,2719.7011,2692.6792,2711.8524,-12.4299,-0.4584,30713381.0,59924577.686,-0.004583545918649623,-0.0020945341379601246,0.019100057659426017,0.006153462652956694,-0.0020945341379601246,0.019100057659426017,0.006153462652956694
000016.SH,20250527,2685.2812,2699.6918,2709.288,2684.709,2699.4225,-14.1413,-0.5239,27096687.0,49855563.746,-0.005238639005194723,-0.011539373018638388,0.011266551588926976,0.006294055289764642,-0.011539373018638388,0.011266551588926976,0.006294055289764642
000016.SH,20250528,2683.0628,2686.7272,2691.4832,2681.8552,2685.2812,-2.2184,-0.0826,25171734.0,44829817.445,-0.0008261332183756576,-0.016626214775389503,0.012931353591561834,0.006262841922126502,-0.016626214775389503,0.012931353591561834,0.006262841922126502
000016.SH,20250529,2690.8926,2684.4865,2703.9931,2677.8074,2683.0628,7.8298,0.2918,27471836.0,53279941.309,0.0029182321039968873,-0.015634765509611515,0.014961912703606028,0.006283104785058818,-0.015634765509611515,0.014961912703606028,0.006283104785058818
000016.SH,20250530,2678.6955,2688.9568,2696.1446,2669.1664,2690.8926,-12.1971,-0.4533,32151692.0,57643114.126,-0.0045327338593893485,-0.01222666100854175,0.012543242098826735,0.006363183152658447,-0.01222666100854175,0.012543242098826735,0.006363183152658447
000016.SH,20250603,2687.296,2674.7677,2697.3942,2671.3359,2678.6955,8.6005,0.3211,33608484.0,59077338.748,0.0032107046134957073,-0.004492257140184752,0.02055921168187136,0.006260103492874668,-0.004492257140184752,0.02055921168187136,0.006260103492874668
000016.SH,20250604,2690.8243,2688.735,2699.6697,2687.3046,2687.296,3.5283,0.1313,27603830.0,51109215.29,0.0013129554764343965,0.0020642530845560447,0.01628108536993733,0.006171256896059571,0.0020642530845560447,0.01628108536993733,0.006171256896059571
000016.SH,20250605,2692.1287,2692.54,2695.8752,2682.5371,2690.8243,1.3044,0.0485,30779056.0,55961666.813,0.00048475851804963277,0.0033789369372942968,0.008022758657900697,0.005887777450756391,0.0033789369372942968,0.008022758657900697,0.005887777450756391
000016.SH,20250606,2688.8504,2691.629,2700.8126,2685.245,2692.1287,-3.2783,-0.1218,29849881.0,52003233.516,-0.0012177352442327427,-0.0007589303266879455,0.0034862357245299957,0.005857965103586165,-0.0007589303266879455,0.0034862357245299957,0.005857965103586165
000016.SH,20250609,2686.8276,2689.7302,2698.3625,2681.6935,2688.8504,-2.0228,-0.0752,35686891.0,65215798.906,-0.0007522917600769619,0.003035843379734837,0.0010514136036079424,0.00585067982579066,0.003035843379734837,0.0010514136036079424,0.00585067982579066
000016.SH,20250610,2676.4013,2690.8689,2700.1772,2670.1483,2686.8276,-10.4263,-0.3881,41460515.0,76948919.281,-0.0038805243775223985,-0.004054149598704315,-0.009700189875206933,0.00568002980826676,-0.004054149598704315,-0.009700189875206933,0.00568002980826676
000016.SH,20250611,2692.1365,2676.6721,2704.4466,2676.6721,2676.4013,15.7352,0.5879,35573426.0,66527788.512,0.005879237915479951,0.00048765725803789906,-0.005879599069266828,0.005832781744344136,0.00048765725803789906,-0.005879599069266828,0.005832781744344136
000016.SH,20250612,2691.2752,2689.6784,2696.782,2674.312,2692.1365,-0.8613,-0.032,34480625.0,70097289.973,-0.0003199317716616745,-0.0003170353631311018,-0.022699593468625823,0.004211547920302574,-0.0003170353631311018,-0.022699593468625823,0.004211547920302574
000016.SH,20250613,2676.4328,2684.8823,2690.3507,2669.1134,2691.2752,-14.8424,-0.5515,47991048.0,86476407.424,-0.00551500641777547,-0.00461818180736262,-0.023305789852897663,0.004242688276646856,-0.00461818180736262,-0.023305789852897663,0.004242688276646856
000016.SH,20250616,2685.0092,2666.8221,2687.1111,2664.4288,2676.4328,8.5764,0.3204,39935905.0,68810917.662,0.003204414472876005,-0.0006767832815176567,-0.011651284675921025,0.003964055433519082,-0.0006767832815176567,-0.011651284675921025,0.003964055433519082
000016.SH,20250617,2683.9528,2685.3855,2688.6141,2672.683,2685.0092,-1.0564,-0.0393,33121607.0,63516823.529,-0.00039344371706429015,0.0028215126035098237,-0.007813275159510469,0.0038681686258141244,0.0028215126035098237,-0.007813275159510469,0.0038681686258141244
000016.SH,20250618,2679.9218,2685.4658,2690.9029,2668.8654,2683.9528,-4.031,-0.1502,36667203.0,62133964.426,-0.0015018893029713487,-0.004537177071073484,-0.013512185357340112,0.003715118407740312,-0.004537177071073484,-0.013512185357340112,0.003715118407740312
000016.SH,20250619,2665.5197,2678.3561,2680.867,2658.4927,2679.9218,-14.4021,-0.5374,37645030.0,64020626.58,-0.005374074721135602,-0.00956999863856367,-0.023055965376670318,0.0036595710319811373,-0.00956999863856367,-0.023055965376670318,0.0036595710319811373
000016.SH,20250620,2673.7191,2661.2098,2681.5256,2661.2098,2665.5197,8.1994,0.3076,36316506.0,63162236.214,0.003076098068230282,-0.0010139242053827102,-0.021917066168701815,0.003719918528868589,-0.0010139242053827102,-0.021917066168701815,0.003719918528868589
000016.SH,20250623,2684.7761,2664.6357,2692.9099,2656.6776,2673.7191,11.057,0.4135,42959546.0,72036348.371,0.004135438161772642,-8.681534499022092e-05,-0.00998442983106318,0.0035233320187511947,-8.681534499022092e-05,-0.00998442983106318,0.0035233320187511947
000016.SH,20250624,2715.9216,2685.8526,2731.1765,2685.8526,2684.7761,31.1455,1.1601,49028263.0,89075122.241,0.011600781160112428,0.011911088749399834,0.006112085084865271,0.004306552106211307,0.011911088749399834,0.006112085084865271,0.004306552106211307
000016.SH,20250625,2747.7278,2714.6256,2750.3893,2707.4028,2715.9216,31.8062,1.1711,50864894.0,102326319.601,0.011711015516795431,0.02530148454331771,0.023255143632629593,0.004796345291002905,0.02530148454331771,0.023255143632629593,0.004796345291002905
000016.SH,20250626,2738.4657,2740.2326,2747.6058,2734.9451,2747.7278,-9.2621,-0.3371,42840625.0,87100921.358,-0.0033708215202393754,0.027366520682627238,0.020649125320510553,0.0048847697684612015,0.027366520682627238,0.020649125320510553,0.0048847697684612015
000016.SH,20250627,2707.5688,2738.9299,2749.5474,2705.7782,2738.4657,-30.8969,-1.1283,57081832.0,95714293.096,-0.011282558697010558,0.012660155661079031,0.006197274465729263,0.005579171144815499,0.012660155661079031,0.006197274465729263,0.005579171144815499
000016.SH,20250630,2711.9853,2702.1154,2716.2975,2695.4196,2707.5688,4.4165,0.1631,38305020.0,76464392.236,0.0016311681535108313,0.01013462537900267,0.012427616352810533,0.005465877207964641,0.01013462537900267,0.012427616352810533,0.005465877207964641
000016.SH,20250701,2717.7128,2714.9673,2721.4042,2708.1857,2711.9853,5.7275,0.2112,33030057.0,66143682.601,0.0021119214768605676,0.0006595183012645389,0.011318738240967852,0.005444071405419656,0.0006595183012645389,0.011318738240967852,0.005444071405419656
000016.SH,20250702,2722.5522,2720.847,2729.71,2711.5973,2717.7128,4.8394,0.1781,35177495.0,68066186.819,0.0017806885260283067,-0.009162334056524779,0.01179114518922697,0.005448402352147538,-0.009162334056524779,0.01179114518922697,0.005448402352147538
000016.SH,20250703,2724.5488,2726.1122,2728.1681,2713.966,2722.5522,1.9966,0.0733,32268510.0,59917411.988,0.0007333560032383168,-0.005082006322007282,0.012042552051839017,0.005448408307989678,-0.005082006322007282,0.012042552051839017,0.005448408307989678
000016.SH,20250704,2740.444,2722.1782,2761.9215,2715.5525,2724.5488,15.8952,0.5834,39311129.0,75071466.531,0.005834066910455071,0.012141962929990813,0.01918797713699516,0.005550924026352688,0.012141962929990813,0.01918797713699516,0.005550924026352688
000016.SH,20250707,2731.5324,2736.0124,2736.2593,2723.9592,2740.444,-8.9116,-0.3252,29319003.0,56659534.859,-0.0032518818118523196,0.0072076718114955085,0.016638507063125196,0.005619350532764885,0.0072076718114955085,0.016638507063125196,0.005619350532764885
000016.SH,20250708,2747.1875,2732.0536,2750.4648,2730.1899,2731.5324,15.6551,0.5731,34080449.0,67878985.189,0.005731251805762838,0.010845406475621822,0.02644827589943266,0.005605349175464633,0.010845406475621822,0.02644827589943266,0.005605349175464633
000016.SH,20250709,2739.9202,2746.1402,2759.0589,2739.2082,2747.1875,-7.2673,-0.2645,47838115.0,83536053.249,-0.0026453600273006472,0.006379308356328384,0.01774936003430727,0.005564453649487311,0.006379308356328384,0.01774936003430727,0.005564453649487311
000016.SH,20250710,2756.9349,2739.2305,2777.4151,2739.2305,2739.9202,17.0147,0.621,54142012.0,98728915.526,0.006209925383958259,0.01188677552774986,0.024397244845120403,0.00567980391661474,0.01188677552774986,0.024397244845120403,0.00567980391661474
000016.SH,20250711,2756.7725,2754.6631,2805.5571,2754.6631,2756.9349,-0.1624,-0.0059,76454518.0,144602038.162,-5.890599738145319e-05,0.005958341057142658,0.03001745457610583,0.0054662429441437255,0.005958341057142658,0.03001745457610583,0.0054662429441437255
000016.SH,20250714,2757.808,2761.4793,2774.2273,2757.808,2756.7725,1.0355,0.0376,51490402.0,90038726.007,0.000375620403932464,0.009619362376957374,0.02711305421225374,0.0054562466113997786,0.009619362376957374,0.02711305421225374,0.0054562466113997786
000016.SH,20250715,2747.2269,2758.718,2765.4962,2731.319,2757.808,-10.5811,-0.3837,41172447.0,79806099.954,-0.0038367790651124833,1.4341940621109828e-05,0.023574967488251053,0.005567434490840643,1.4341940621109828e-05,0.023574967488251053,0.005567434490840643
000016.SH,20250716,2740.9006,2748.1658,2754.0575,2729.9126,2747.2269,-6.3263,-0.2303,34245931.0,68141679.569,-0.002302794865615243,0.00035782064017775284,0.02275394752190163,0.005590575680730258,0.00035782064017775284,0.02275394752190163,0.005590575680730258
000016.SH,20250717,2744.2604,2737.3511,2744.7439,2732.3493,2740.9006,3.3598,0.1226,36151094.0,74646333.613,0.0012258014756172386,-0.004597315663855572,0.029540468224639405,0.005376494085699095,-0.004597315663855572,0.029540468224639405,0.005376494085699095
000016.SH,20250718,2764.516,2746.3281,2768.8977,2746.3281,2744.2604,20.2556,0.7381,42130803.0,92467983.909,0.0073810779764194034,0.0028089006256410975,0.03395902733387368,0.005528196985501638,0.0028089006256410975,0.03395902733387368,0.005528196985501638
000016.SH,20250721,2772.2385,2770.3625,2777.0479,2763.3508,2764.516,7.7225,0.2793,49954337.0,96839356.593,0.0027934365364497005,0.005232597773304093,0.03257716723565873,0.005504992749775364,0.005232597773304093,0.03257716723565873,0.005504992749775364
000016.SH,20250722,2792.1823,2773.4045,2795.4904,2760.3092,2772.2385,19.9438,0.7194,68310030.0,129395395.396,0.007194114070632862,0.016363919558300744,0.028079124228033603,0.005161930496046648,0.016363919558300744,0.028079124228033603,0.005161930496046648
000016.SH,20250723,2801.2002,2798.9635,2824.8584,2794.8116,2792.1823,9.0179,0.323,67929831.0,130890238.346,0.0032296959980013806,0.021999922215347967,0.019460588490606723,0.004586415108603392,0.021999922215347967,0.019460588490606723,0.004586415108603392
000016.SH,20250724,2812.4428,2797.2625,2819.1297,2791.7835,2801.2002,11.2426,0.4013,60282800.0,118138429.899,0.004013493930208778,0.02484545562804441,0.02701406849828336,0.004514895108134391,0.02484545562804441,0.02701406849828336,0.004514895108134391
000016.SH,20250725,2795.5127,2807.6305,2810.1084,2788.1851,2812.4428,-16.9301,-0.602,51692557.0,114043143.932,-0.006019713538707228,0.011212342413644993,0.032480762815704,0.0038437739008822147,0.011212342413644993,0.032480762815704,0.0038437739008822147
000016.SH,20250728,2802.7674,2799.2638,2811.2446,2788.0197,2795.5127,7.2547,0.2595,49737265.0,114570541.888,0.0025951232487693154,0.011012364195937874,0.0334744071068529,0.0038501377110452552,0.011012364195937874,0.0334744071068529,0.0038501377110452552
000016.SH,20250729,2808.5917,2802.7753,2813.7412,2795.5995,2802.7674,5.8243,0.2078,47051664.0,111954405.495,0.0020780532840505295,0.005876908538529069,0.033439478961868385,0.003849933472607746,0.005876908538529069,0.033439478961868385,0.003849933472607746
000016.SH,20250730,2819.3508,2809.4365,2842.474,2802.7397,2808.5917,10.7591,0.3831,52185198.0,112596979.711,0.003830781099296132,0.0064795797172940706,0.035554359618890086,0.003880680853869375,0.0064795797172940706,0.035554359618890086,0.003880680853869375
000016.SH,20250731,2775.9935,2807.3049,2807.9397,2766.929,2819.3508,-43.3573,-1.5378,61515847.0,131852396.938,-0.01537846939799048,-0.012960014689009758,0.018881915420270623,0.00545644554423061,-0.012960014689009758,0.018881915420270623,0.00545644554423061
000016.SH,20250801,2754.1302,2771.7616,2780.1556,2749.4583,2775.9935,-21.8633,-0.7876,48962531.0,94074420.474,-0.007875846971543643,-0.014803187980508947,0.0049941542319420495,0.005667657710885787,-0.014803187980508947,0.0049941542319420495,0.005667657710885787
000016.SH,20250804,2769.3934,2748.6175,2769.3934,2748.6175,2754.1302,15.2632,0.5542,41967961.0,80252037.766,0.005541931169412262,-0.011907516834968268,0.013860717888610763,0.00572136129562519,-0.011907516834968268,0.013860717888610763,0.00572136129562519
000016.SH,20250805,2790.7287,2773.3799,2794.6033,2768.022,2769.3934,21.3353,0.7704,41264765.0,77882631.514,0.007703961452352859,-0.006360127034484853,0.01584937322261415,0.005828589547812204,-0.006360127034484853,0.01584937322261415,0.005828589547812204
000016.SH,20250806,2797.4234,2789.2679,2800.761,2787.5407,2790.7287,6.6947,0.2399,41182917.0,88443253.333,0.0023989074968124857,-0.007777464230417919,0.020987180575551045,0.005780469006386952,-0.007777464230417919,0.020987180575551045,0.005780469006386952
000016.SH,20250807,2798.3111,2797.7108,2808.9181,2787.8322,2797.4234,0.8877,0.0317,42338294.0,94221584.634,0.00031732772379022833,0.008039500092489327,0.015008043896865164,0.0056526521049239985,0.008039500092489327,0.015008043896865164,0.0056526521049239985
000016.SH,20250808,2789.1744,2795.782,2801.0785,2784.3783,2798.3111,-9.1367,-0.3265,38923878.0,82804572.799,-0.0032650765670765303,0.012724235041611243,0.011753563270092027,0.005722144812063134,0.012724235041611243,0.011753563270092027,0.005722144812063134
000016.SH,20250811,2789.8959,2791.3523,2800.8905,2783.6454,2789.1744,0.7215,0.0259,43484703.0,90333988.698,0.0002586786971801036,0.007403245779382672,0.011635291506878032,0.005722445932525172,0.007403245779382672,0.011635291506878032,0.005722445932525172
000016.SH,20250812,2807.0124,2791.204,2816.5938,2791.204,2789.8959,17.1165,0.6135,42603267.0,109687752.933,0.006135175151158911,0.0058349276301921105,0.021762126746793342,0.0057504164315324655,0.0058349276301921105,0.021762126746793342,0.0057504164315324655
000016.SH,20250813,2812.9804,2809.0464,2828.8599,2806.6607,2807.0124,5.968,0.2126,54720114.0,125505582.143,0.002126103896085363,0.005561188914055659,0.026297852610926542,0.005697809090966485,0.005561188914055659,0.026297852610926542,0.005697809090966485
000016.SH,20250814,2829.4703,2815.4926,2858.009,2815.4926,2812.9804,16.4899,0.5862,50008770.0,131056130.906,0.005862074261164363,0.011135002108950687,0.031050223951050615,0.005787626897180666,0.011135002108950687,0.031050223951050615,0.005787626897180666
000016.SH,20250815,2832.8759,2821.9746,2847.6119,2813.0912,2829.4703,3.4056,0.1204,71117777.0,142205455.366,0.0012036175110232694,0.0156682565278099,0.024727619590553918,0.005622311892136438,0.0156682565278099,0.024727619590553918,0.005622311892136438
000016.SH,20250818,2838.8726,2843.0864,2861.9842,2832.4643,2832.8759,5.9967,0.2117,73385466.0,162158390.204,0.00211682410796743,0.017555027770032705,0.024036207562949663,0.005614484851191634,0.017555027770032705,0.024036207562949663,0.005614484851191634
000016.SH,20250819,2812.4225,2843.2849,2858.4124,2812.3039,2838.8726,-26.4501,-0.9317,62843222.0,153139710.506,-0.009317114124811399,0.0019273516568718563,0.007248881994560419,0.0058941801774484775,0.0019273516568718563,0.007248881994560419,0.0058941801774484775
000016.SH,20250820,2846.9907,2808.4369,2848.0328,2799.4026,2812.4225,34.5682,1.2291,58597343.0,139705685.755,0.01229125424789479,0.01209048594864015,0.01634674308533879,0.006447266887589086,0.01209048594864015,0.01634674308533879,0.006447266887589086
000016.SH,20250821,2862.1764,2853.7873,2872.9578,2850.6301,2846.9907,15.1857,0.5334,65309499.0,136486097.042,0.005333947876963618,0.01155908934615768,0.01768341741919155,0.0064882048153905745,0.01155908934615768,0.01768341741919155,0.0064882048153905745
000016.SH,20250822,2928.6135,2868.5907,2928.8813,2868.5907,2862.1764,66.4371,2.3212,67741563.0,180644676.367,0.02321209133021984,0.03379519731167879,0.04761230381818682,0.007971144922412658,0.03379519731167879,0.04761230381818682,0.007971144922412658
000016.SH,20250825,2989.8549,2950.6533,2989.8549,2943.9761,2928.6135,61.2414,2.0911,86358967.0,231306794.062,0.020911397150904287,0.053183894197999404,0.06675099046749278,0.008987197861311073,0.053183894197999404,0.06675099046749278,0.008987197861311073
000016.SH,20250826,2969.7762,2975.6968,2985.5398,2964.2086,2989.8549,-20.0787,-0.6716,54565823.0,149729861.131,-0.006715610178942177,0.05594952394243746,0.05738979432289848,0.00925977526497857,0.05594952394243746,0.05738979432289848,0.00925977526497857
000016.SH,20250827,2918.3789,2974.4076,2983.0226,2918.3789,2969.7762,-51.3973,-1.7307,71005356.0,197654248.637,-0.017306792343476762,0.02507496775454876,0.0351244336107448,0.010289158029718151,0.02507496775454876,0.0351244336107448,0.010289158029718151
000016.SH,20250828,2960.7266,2918.5275,2963.0741,2906.65,2918.3789,42.3477,1.4511,65993248.0,195214796.367,0.01451069290557161,0.03443190992700518,0.06654666158260092,0.009826372682419676,0.03443190992700518,0.06654666158260092,0.009826372682419676
000016.SH,20250829,2976.4732,2954.931,2988.997,2954.931,2960.7266,15.7466,0.5318,84761466.0,226530507.719,0.0053184917513153795,0.01634210181712259,0.08073075121866058,0.009475172078241185,0.01634210181712259,0.08073075121866058,0.009475172078241185
000016.SH,20250901,2981.2024,2986.6511,2988.5465,2965.4498,2976.4732,4.7292,0.1589,72800163.0,195262209.501,0.0015888602659013262,-0.0028939531480272063,0.0764820917100475,0.00948104780639799,-0.0028939531480272063,0.0764820917100475,0.00948104780639799
000016.SH,20250902,2992.881,2983.7201,3006.4568,2967.5186,2981.2024,11.6786,0.3917,77445856.0,196061437.507,0.0039174126520225006,0.007779980188406199,0.07243710218051636,0.009435300607803674,0.007779980188406199,0.07243710218051636,0.009435300607803674
000016.SH,20250903,2960.9933,2995.463,3002.1798,2939.8123,2992.881,-31.8877,-1.0655,63723571.0,161064553.193,-0.010654516500990141,0.014602079257083345,0.058471627855833264,0.009955860306069018,0.014602079257083345,0.058471627855833264,0.009955860306069018
000016.SH,20250904,2910.47,2949.9718,2949.9718,2879.4131,2960.9933,-50.5233,-1.7063,91920544.0,208034956.31,-0.017062956542319818,-0.016974414321133224,0.040080925955659374,0.010905672076099186,-0.016974414321133224,0.040080925955659374,0.010905672076099186
000016.SH,20250905,2942.2162,2908.5118,2949.8243,2899.6892,2910.47,31.7462,1.0908,62380387.0,160854405.967,0.010907585372809114,-0.01150925867567032,0.054869928535124846,0.011003976350481833,-0.01150925867567032,0.054869928535124846,0.011003976350481833
000016.SH,20250908,2939.8823,2940.9806,2953.9061,2926.3855,2942.2162,-2.3339,-0.0793,67340772.0,153725794.417,-0.0007932455813408623,-0.013860212912749525,0.053760572213465085,0.011018923514919971,-0.013860212912749525,0.053760572213465085,0.011018923514919971
000016.SH,20250909,2928.6323,2928.5317,2949.5373,2915.0433,2939.8823,-11.25,-0.3827,55723378.0,139241444.851,-0.0038266838097565925,-0.021467174939464595,0.043327168772036906,0.011079471176827612,-0.021467174939464595,0.043327168772036906,0.011079471176827612
000016.SH,20250910,2939.5911,2928.1117,2954.4384,2923.5643,2928.6323,10.9588,0.3742,56404895.0,133801735.189,0.00374195149046197,-0.0072280474258418215,0.04500944976367416,0.011084938578477341,-0.0072280474258418215,0.04500944976367416,0.011084938578477341
000016.SH,20250911,2983.0829,2925.6584,2983.1968,2917.8084,2939.5911,43.4918,1.4795,68326502.0,188495491.825,0.014795186990462561,0.0249488570574512,0.054290232344902156,0.011412763538946191,0.0249488570574512,0.054290232344902156,0.011412763538946191
000016.SH,20250912,2968.5397,2986.0229,2998.9807,2964.5848,2983.0829,-14.5432,-0.4875,61709804.0,177453288.3,-0.0048752248889898375,0.008946827225001286,0.047889072726412074,0.011535241907861144,0.008946827225001286,0.047889072726412074,0.011535241907861144
000016.SH,20250915,2962.6154,2976.3452,2984.8555,2957.7164,2968.5397,-5.9243,-0.1996,52551778.0,145698287.4,-0.001995695055046598,0.007732656508051328,0.04358871194149394,0.011577221489296678,0.007732656508051328,0.04358871194149394,0.011577221489296678
000016.SH,20250916,2947.8222,2969.2337,2974.9485,2942.2965,2962.6154,-14.7932,-0.4993,57639416.0,155429554.33,-0.0049932907254853776,0.006552512584116377,0.048143442174851,0.01138970456869858,0.006552512584116377,0.048143442174851,0.01138970456869858
000016.SH,20250917,2952.7778,2942.8802,2960.3107,2935.7836,2947.8222,4.9556,0.1681,56668537.0,155034251.533,0.0016811054615166743,0.004485896014585045,0.03715751512641052,0.011150068742211671,0.004485896014585045,0.03715751512641052,0.011150068742211671
000016.SH,20250918,2912.8256,2959.389,2971.5578,2890.5995,2952.7778,-39.9522,-1.353,74860029.0,225774171.124,-0.013530378073148497,-0.023551910005585097,0.01769604417114201,0.011630477526632616,-0.023551910005585097,0.01769604417114201,0.011630477526632616
000016.SH,20250919,2909.7442,2914.3621,2930.4733,2906.1651,2912.8256,-3.0814,-0.1058,57236551.0,163260755.856,-0.0010578731524468754,-0.019806203029725244,-0.006443083049367804,0.010383843129882168,-0.019806203029725244,-0.006443083049367804,0.010383843129882168
000016.SH,20250922,2922.1795,2911.0242,2929.5159,2901.1189,2909.7442,12.4353,0.4274,46979876.0,156401493.015,0.004273674641227965,-0.013648717278658573,-0.022635011485005352,0.009195956237897098,-0.013648717278658573,-0.022635011485005352,0.009195956237897098
000016.SH,20250923,2919.5148,2917.9905,2938.1186,2891.7826,2922.1795,-2.6647,-0.0912,62896875.0,168986561.1,-0.0009118878563073585,-0.009602817971857358,-0.016924305609291368,0.009100629319406027,-0.009602817971857358,-0.016924305609291368,0.009100629319406027
000016.SH,20250924,2939.5078,2908.0722,2942.5917,2908.0722,2919.5148,19.993,0.6848,51462065.0,157195056.025,0.006848055711174972,-0.0044940733434124525,0.007239944066207427,0.008370104036999079,-0.0044940733434124525,0.007239944066207427,0.008370104036999079
000016.SH,20250925,2952.7352,2944.7279,2962.1806,2941.8705,2939.5078,13.2274,0.45,54322268.0,158667243.934,0.004499868991672651,0.013701335225837052,-0.0026991347326700277,0.00775846487954084,0.013701335225837052,-0.0026991347326700277,0.00775846487954084
000016.SH,20250926,2941.0184,2941.1692,2962.7545,2938.3153,2952.7352,-11.7168,-0.3968,48141612.0,150187540.181,-0.00396811742549763,0.010748092564287992,-0.011911681247457562,0.007694330367448091,0.010748092564287992,-0.011911681247457562,0.007694330367448091
000016.SH,20250929,2973.0417,2940.0366,3000.4819,2922.0087,2941.0184,32.0233,1.0889,70632299.0,189968688.346,0.010888507191930685,0.01740557005481702,-0.0027373854254242325,0.008101914165438366,0.01740557005481702,-0.0027373854254242325,0.008101914165438366
000016.SH,20250930,2988.9386,2985.0966,2992.5391,2976.5892,2973.0417,15.8969,0.5347,59065266.0,175001145.599,0.005347015482493722,0.02377922523290521,-0.0013172591893897412,0.008145467233751688,0.02377922523290521,-0.0013172591893897412,0.008145467233751688
000016.SH,20251009,3020.5964,3004.4532,3030.7168,2984.8349,2988.9386,31.6578,1.0592,76369809.0,231922670.334,0.010591652836227539,0.027585774734123936,0.020129427513395415,0.008072624086604654,0.027585774734123936,0.020129427513395415,0.008072624086604654
000016.SH,20251010,2974.8535,3000.5571,3012.5891,2966.5775,3020.5964,-45.7429,-1.5144,67283722.0,200180939.045,-0.015143665006023266,0.007490783460704531,0.02212134122667475,0.007854713413725145,0.007490783460704531,0.02212134122667475,0.007854713413725145
000016.SH,20251013,2967.206,2917.8767,2972.194,2917.8767,2974.8535,-7.6475,-0.2571,70163467.0,185782713.474,-0.0025707148267973823,0.008904262550686548,0.00849352946938442,0.007543142983012162,0.008904262550686548,0.00849352946938442,0.007543142983012162
000016.SH,20251014,2961.101,2986.5814,2996.6825,2949.9101,2967.206,-6.105,-0.2057,86183399.0,219194297.062,-0.0020574911212770663,-0.004016324426260209,0.007217533844807278,0.007559389707107356,-0.004016324426260209,0.007217533844807278,0.007559389707107356
000016.SH,20251015,3001.3489,2962.7532,3003.0036,2958.446,2961.101,40.2479,1.3592,63376996.0,157106107.967,0.013592207763261088,0.0041520759242092975,0.02482954244546165,0.008036762724825007,0.0041520759242092975,0.02482954244546165,0.008036762724825007
000016.SH,20251016,3019.1966,2994.2213,3028.5693,2992.5494,3001.3489,17.8477,0.5947,63410921.0,152079953.404,0.005946559561935683,-0.0004634184163100352,0.027080467075845993,0.00808758709260837,-0.0004634184163100352,0.027080467075845993,0.00808758709260837
000016.SH,20251017,2967.7748,3017.427,3022.813,2963.9354,3019.1966,-51.4218,-1.7032,62678056.0,148748973.205,-0.01703161695399369,-0.0023795121339589276,-0.005131637474774742,0.008430458292044451,-0.0023795121339589276,-0.005131637474774742,0.008430458292044451
000016.SH,20251020,2974.8648,2984.3122,2995.0219,2967.6882,2967.7748,7.09,0.2389,53180976.0,128361668.891,0.002388995283604256,0.0025811487304892022,0.002130710935076996,0.008375798782834355,0.0025811487304892022,0.002130710935076996,0.008375798782834355
000016.SH,20251021,3007.2634,2983.2774,3014.101,2979.1177,2974.8648,32.3986,1.0891,55301752.0,147269705.357,0.010890780649930765,0.01558960670372267,0.01507046780354937,0.008692540984491825,0.01558960670372267,0.01507046780354937,0.008692540984491825
000016.SH,20251022,3010.0951,2987.3457,3015.1736,2987.3457,3007.2634,2.8317,0.0942,51417563.0,123840808.472,0.000941620211917682,0.0029140897281219047,0.021125052928904653,0.008585574477856548,0.0029140897281219047,0.021125052928904653,0.008585574477856548
000016.SH,20251023,3026.9044,3001.9951,3030.7955,2985.4345,3010.0951,16.8093,0.5584,60206654.0,121208154.162,0.005584308615365741,0.0025529308028497955,0.025104022388680924,0.008644098288332723,0.0025529308028497955,0.025104022388680924,0.008644098288332723
000016.SH,20251024,3045.8161,3031.9158,3052.8185,3028.3795,3026.9044,18.9117,0.6248,55120382.0,155440252.644,0.006247868284178448,0.026296233797793445,0.04565687008518471,0.007965772135432328,0.026296233797793445,0.04565687008518471,0.007965772135432328
000016.SH,20251027,3069.5293,3064.3831,3078.7842,3052.3982,3045.8161,23.7132,0.7785,70405039.0,185294640.292,0.007785499590733602,0.03182144613765314,0.05491379620242909,0.008016894589427231,0.03182144613765314,0.05491379620242909,0.008016894589427231
000016.SH,20251028,3050.4162,3059.8757,3075.249,3044.5627,3069.5293,-19.1131,-0.6227,54626241.0,148719926.467,-0.006226720168463595,0.014349524554450488,0.04388392294176313,0.008249365615772277,0.014349524554450488,0.04388392294176313,0.008249365615772277
000016.SH,20251029,3063.021,3049.446,3064.5563,3048.5897,3050.4162,12.6048,0.4132,60144586.0,156303440.848,0.004132157441335327,0.01758279995871237,0.049154126569250556,0.008226869024895809,0.01758279995871237,0.049154126569250556,0.008226869024895809
000016.SH,20251030,3046.6108,3053.793,3076.8717,3043.571,3063.021,-16.4102,-0.5358,65736103.0,184730170.077,-0.005357521218431138,0.0065104137415110674,0.03643569171682426,0.008334233398665434,0.0065104137415110674,0.03643569171682426,0.008334233398665434
000016.SH,20251031,3011.5547,3046.1815,3046.2357,3011.5547,3046.6108,-35.0561,-1.1507,69318922.0,169286263.811,-0.011506589551904645,-0.011248676504139521,0.0199203436867621,0.00881823887649924,-0.011248676504139521,0.0199203436867621,0.00881823887649924
000016.SH,20251103,3016.3507,3009.1626,3017.4522,2990.2754,3011.5547,4.796,0.1593,54900375.0,134637115.733,0.0015925329199564242,-0.01732467580615704,0.025614358618089472,0.008739879197121042,-0.01732467580615704,0.025614358618089472,0.008739879197121042
000016.SH,20251104,3012.9691,3014.8315,3029.9229,2999.2496,3016.3507,-3.3816,-0.1121,55980900.0,131057968.103,-0.001121089799007824,-0.01227606252550073,0.013429814993849432,0.00845445215075921,-0.01227606252550073,0.013429814993849432,0.00845445215075921
000016.SH,20251105,3007.97,2985.7604,3018.3492,2981.8185,3012.9691,-4.9991,-0.1659,46871754.0,117448115.257,-0.0016591939160610636,-0.017972779161488095,0.006367276999266425,0.008396779538555093,-0.017972779161488095,0.006367276999266425,0.008396779538555093
000016.SH,20251106,3044.7416,3015.3494,3049.4861,3012.4374,3007.97,36.7716,1.2225,50629447.0,143933861.922,0.012224722985934022,-0.0006135342262950649,0.007993520749743244,0.008508798156778843,-0.0006135342262950649,0.007993520749743244,0.008508798156778843
000016.SH,20251107,3038.3455,3036.0097,3050.0116,3034.7232,3044.7416,-6.3961,-0.2101,47669347.0,119848197.717,-0.0021007037181742794,0.0088960031175922,0.02134289974279402,0.007714934528665646,0.0088960031175922,0.02134289974279402,0.007714934528665646
000016.SH,20251110,3053.857,3043.5061,3054.5532,3030.2344,3038.3455,15.5115,0.5105,49079644.0,139907225.376,0.0051052456015947545,0.01243433000015548,0.029202893226826898,0.007714441530467455,0.01243433000015548,0.029202893226826898,0.007714441530467455
000016.SH,20251111,3034.6329,3059.7561,3060.2835,3023.9195,3053.857,-19.2241,-0.6295,41042551.0,118061083.592,-0.006295022982412024,0.007190183264740524,0.024832621379682784,0.007872945221140144,0.007190183264740524,0.024832621379682784,0.007872945221140144
000016.SH,20251112,3044.3011,3035.0264,3059.9536,3035.0264,3034.6329,9.6682,0.3186,57517235.0,136890420.335,0.0031859537277145744,0.012078278706237233,0.014310965312963164,0.007340675671299461,0.012078278706237233,0.014310965312963164,0.007340675671299461
000016.SH,20251113,3073.6656,3044.9244,3075.2142,3044.9244,3044.3011,29.3645,0.9646,54126408.0,132480841.554,0.009645727881515853,0.009499656719637484,0.018040892070426917,0.007523196108991546,0.009499656719637484,0.018040892070426917,0.007523196108991546
000016.SH,20251114,3038.4255,3058.1232,3073.71,3037.8801,3073.6656,-35.2401,-1.1465,48802756.0,120375771.414,-0.01146517044664841,2.6330119468065405e-05,0.0238059505054089,0.0069013299225336045,2.6330119468065405e-05,0.0238059505054089,0.0069013299225336045
000016.SH,20251117,3012.0714,3033.0222,3037.2251,3001.2019,3038.4255,-26.3541,-0.8674,48233902.0,111804667.199,-0.008673604141355429,-0.013682893468816681,0.012506988552891452,0.007236190962146787,-0.013682893468816681,0.012506988552891452,0.007236190962146787
000016.SH,20251118,3003.0175,3005.7411,3023.027,2995.1737,3012.0714,-9.0539,-0.3006,43587327.0,106201113.948,-0.003005871640360147,-0.01041819588787829,-0.001411881646283475,0.006858059158314914,-0.01041819588787829,-0.001411881646283475,0.006858059158314914
000016.SH,20251119,3020.3487,3004.6463,3033.2241,3004.2029,3003.0175,17.3312,0.5771,48200355.0,99551462.269,0.005771261739234035,-0.007867947096297456,0.0034064040036476673,0.006978717819265855,-0.007867947096297456,0.0034064040036476673,0.006978717819265855
000016.SH,20251120,3008.2904,3030.0366,3038.9117,3004.2414,3020.3487,-12.0583,-0.3992,54043554.0,100981681.523,-0.0039923535981127856,-0.021269457549318305,-0.006149516978468217,0.006917622536240413,-0.021269457549318305,-0.006149516978468217,0.006917622536240413
000016.SH,20251121,2955.8541,2989.8718,2998.8069,2953.4599,3008.2904,-52.4363,-1.7431,60393126.0,126324510.523,-0.017430597790692004,-0.027175719793030906,-0.02953625466750931,0.007720259474602404,-0.027175719793030906,-0.02953625466750931,0.007720259474602404
000016.SH,20251124,2950.562,2967.1642,2970.2046,2942.288,2955.8541,-5.2921,-0.179,50801706.0,110270571.78,-0.001790379301874201,-0.02042096346056066,-0.0387575059146692,0.0074066382517274975,-0.02042096346056066,-0.0387575059146692,0.0074066382517274975
000016.SH,20251125,2968.2023,2963.6888,2974.7651,2952.3493,2950.562,17.6403,0.5979,42405177.0,98032091.777,0.0059786237333769865,-0.011593405632834286,-0.026951699246811067,0.007537246871150322,-0.011593405632834286,-0.026951699246811067,0.007537246871150322
000016.SH,20251126,2971.7985,2969.7762,2979.9805,2968.0212,2968.2023,3.5962,0.1212,40057977.0,97257763.384,0.001211575100524609,-0.016074369161415136,-0.02978187221047468,0.0074535134473321125,-0.016074369161415136,-0.02978187221047468,0.0074535134473321125
000016.SH,20251127,2972.2651,2976.0775,2988.1998,2965.5458,2971.7985,0.4666,0.0157,39287797.0,105106127.419,0.00015700929925110962,-0.011975339880750835,-0.024402756006773108,0.007404522044795773,-0.011975339880750835,-0.024402756006773108,0.007404522044795773
000016.SH,20251128,2969.6171,2969.2279,2973.3161,2954.7148,2972.2651,-2.648,-0.0891,37274314.0,85031499.552,-0.000890903035533408,0.0046561838082603835,-0.013925564758959896,0.006996711118361373,0.0046561838082603835,-0.013925564758959896,0.006996711118361373
000016.SH,20251201,2993.6761,2975.2716,2994.4534,2972.7914,2969.6171,24.059,0.8102,46519461.0,112812937.206,0.008101717894876126,0.014612165411199696,-0.007517229346043819,0.007254508443179665,0.014612165411199696,-0.007517229346043819,0.007254508443179665
000016.SH,20251202,2978.4671,2992.3844,2994.7147,2970.9507,2993.6761,-15.209,-0.508,33481828.0,79166109.686,-0.005080375929780834,0.0034582548500821098,-0.011451162907711199,0.007330222213323431,0.0034582548500821098,-0.011451162907711199,0.007330222213323431
000016.SH,20251203,2963.0763,2976.1129,2983.6125,2957.794,2978.4671,-15.3908,-0.5167,38519732.0,85494993.469,-0.005167356053722982,-0.0029349903770392594,-0.014924916139456013,0.007399802563315044,-0.0029349903770392594,-0.014924916139456013,0.007399802563315044
000016.SH,20251204,2974.3371,2968.5557,2980.2368,2958.6065,2963.0763,11.2608,0.38,36282556.0,88622457.881,0.003800374630919867,0.0006971114386802313,-0.023123308723472458,0.006842632777736524,0.0006971114386802313,-0.023123308723472458,0.006842632777736524
000016.SH,20251205,3002.0087,2970.62,3010.7174,2969.0856,2974.3371,27.6716,0.9303,44603491.0,110447295.446,0.00930345117908793,0.010907668870845377,-0.011959403563551296,0.007223516459090114,0.010907668870845377,-0.011959403563551296,0.007223516459090114
000016.SH,20251208,3019.362,3006.633,3030.5712,3005.3817,3002.0087,17.3533,0.5781,44895792.0,125238996.681,0.005780562861126937,0.00858005313266852,-0.011295551821843608,0.007252991651381394,0.00858005313266852,-0.011295551821843608,0.007252991651381394
000016.SH,20251209,2997.9603,3012.2443,3015.4481,2991.6511,3019.362,-21.4017,-0.7088,43425923.0,110095086.662,-0.00708815306014976,0.006544708853759129,-0.012084690705093104,0.0072881809300142895,0.006544708853759129,-0.012084690705093104,0.0072881809300142895
000016.SH,20251210,2988.6375,2994.1487,2996.2102,2970.592,2997.9603,-9.3228,-0.311,41511589.0,101333842.347,-0.003109714294749155,0.008626575022722127,-0.0182845251410908,0.007252726459678149,0.008626575022722127,-0.0182845251410908,0.007252726459678149
000016.SH,20251211,2977.0319,2995.6324,2998.9811,2966.1838,2988.6375,-11.6056,-0.3883,39399027.0,96980569.944,-0.0038832411090337082,0.0009060170079577823,-0.031439236590994124,0.006836627389719943,0.0009060170079577823,-0.031439236590994124,0.006836627389719943
000016.SH,20251212,2994.6446,2981.967,2994.8654,2965.6878,2977.0319,17.6127,0.5916,57188912.0,137257733.506,0.005916194582933576,-0.002453057514456791,-0.014409074700037827,0.006614180380839581,-0.002453057514456791,-0.014409074700037827,0.006614180380839581
000016.SH,20251215,2987.0684,2979.7635,3015.3894,2978.1279,2994.6446,-7.5762,-0.253,38490227.0,111134261.218,-0.0025299162378066287,-0.010695504546987089,-0.00830093204297866,0.006362470686891841,-0.010695504546987089,-0.00830093204297866,0.006362470686891841
000016.SH,20251216,2954.7872,2980.9374,2986.0832,2946.6016,2987.0684,-32.2812,-1.0807,38302165.0,103323964.583,-0.010806983864179331,-0.014400824453879468,-0.016060612367393756,0.006757654548366407,-0.014400824453879468,-0.016060612367393756,0.006757654548366407
000016.SH,20251217,2991.6777,2955.4744,3005.873,2948.7363,2954.7872,36.8905,1.2485,38500743.0,107470290.057,0.012484993843211445,0.0010172528451510843,-0.00949261255827838,0.007249462765286445,0.0010172528451510843,-0.00949261255827838,0.007249462765286445
000016.SH,20251218,2998.517,2983.7666,3002.022,2980.9513,2991.6777,6.8393,0.2286,32545683.0,82717279.546,0.002286108560423994,0.007216953234528534,-0.0032488219887282233,0.007223969001049199,0.007216953234528534,-0.0032488219887282233,0.007223969001049199
000016.SH,20251219,3004.3401,2993.9292,3016.3835,2987.7096,2998.517,5.8231,0.1942,36605533.0,94940040.964,0.0019419933253672639,0.003237612904048781,0.016403380667536993,0.0059738491938738265,0.003237612904048781,0.016403380667536993,0.0059738491938738265
000016.SH,20251222,3020.2285,3010.7959,3025.5484,3010.7959,3004.3401,15.8884,0.5288,34728192.0,106734705.416,0.005288482485721335,0.011101218840519289,0.02361126456586926,0.006019904455618725,0.011101218840519289,0.02361126456586926,0.006019904455618725
000016.SH,20251223,3027.5195,3023.9109,3041.6682,3019.6099,3020.2285,7.291,0.2414,35889709.0,110469786.049,0.0024140557577017052,0.024615072110776515,0.019984217383026692,0.005922482610896628,0.024615072110776515,0.019984217383026692,0.005922482610896628
000016.SH,20251224,3025.1839,3028.3742,3032.01,3012.199,3027.5195,-2.3356,-0.0771,31799441.0,91264188.766,-0.0007714566330621064,0.011199802706020057,0.01796400395248865,0.005935453841993233,0.011199802706020057,0.01796400395248865,0.005935453841993233
000016.SH,20251225,3032.8414,3020.9075,3039.5391,3018.5826,3025.1839,7.6575,0.2531,28270647.0,82075769.824,0.0025312510753476847,0.011447125362304078,0.02038051720218359,0.0059433946671606005,0.011447125362304078,0.02038051720218359,0.0059433946671606005
000016.SH,20251226,3045.4036,3032.4669,3057.9481,3031.2602,3032.8414,12.5622,0.4142,34100689.0,100917255.09,0.004142056356788215,0.013668059751291262,0.02552063025229767,0.005964469679576513,0.013668059751291262,0.02552063025229767,0.005964469679576513
000016.SH,20251229,3034.6347,3048.9785,3057.3637,3030.3786,3045.4036,-10.7689,-0.3536,43153415.0,117119941.605,-0.003536115869830825,0.00476990399898547,0.013681707249491692,0.005829854063703401,0.00476990399898547,0.013681707249491692,0.005829854063703401
000016.SH,20251230,3036.5523,3023.3211,3049.3229,3022.2774,3034.6347,1.9176,0.0632,38538285.0,113175138.178,0.0006319047231615471,0.002983564598014965,0.01950170945316132,0.00566970256123101,0.002983564598014965,0.01950170945316132,0.00566970256123101
000016.SH,20251231,3031.1258,3038.6015,3051.4304,3026.4869,3036.5523,-5.4265,-0.1787,37358980.0,107667577.641,-0.0017870596202146372,0.0019641450557765783,0.022965827778379966,0.005525303976335093,0.0019641450557765783,0.022965827778379966,0.005525303976335093
000016.SH,20260105,3099.7462,3052.1289,3105.4032,3052.1289,3031.1258,68.6204,2.2639,53501398.0,169562421.271,0.022638585307148906,0.022060105088251625,0.04216371439538569,0.007316258189477691,0.022060105088251625,0.04216371439538569,0.007316258189477691
000016.SH,20260106,3158.7632,3106.5201,3158.7632,3106.0869,3099.7462,59.017,1.9039,57494272.0,180047553.077,0.019039300701457318,0.03722317790653418,0.052216537547009834,0.008102906769495865,0.03722317790653418,0.052216537547009834,0.008102906769495865
000016.SH,20260107,3145.1197,3162.0215,3162.4444,3132.2315,3158.7632,-13.6435,-0.4319,52139422.0,169306826.046,-0.004319253814277557,0.0364080065386454,0.041650421512889224,0.008206939706589639,0.0364080065386454,0.041650421512889224,0.008206939706589639
000016.SH,20260108,3122.0627,3137.8099,3142.8462,3107.0181,3145.1197,-23.057,-0.7331,53427374.0,187896245.567,-0.007331040532416067,0.028160358048171963,0.04139561154295457,0.008221378390819524,0.028160358048171963,0.04139561154295457,0.008221378390819524
000016.SH,20260109,3134.3245,3121.1593,3146.7283,3112.4579,3122.0627,12.2618,0.3927,60149277.0,177739531.505,0.003927467568156207,0.034046326945585736,0.04874696245362653,0.00813856101489314,0.034046326945585736,0.04874696245362653,0.00813856101489314
000016.SH,20260112,3143.7371,3146.5115,3148.1113,3125.1697,3134.3245,9.4126,0.3003,64461913.0,189801895.562,0.003003071315685224,0.014191774797562395,0.055997115785020535,0.008002663595858068,0.014191774797562395,0.055997115785020535,0.008002663595858068
000016.SH,20260113,3132.9328,3150.7331,3177.7353,3123.1722,3143.7371,-10.8043,-0.3437,63160096.0,188852872.186,-0.0034367695695672884,-0.00817737777874572,0.046178501448886466,0.008081298591544819,-0.00817737777874572,0.046178501448886466,0.008081298591544819
000016.SH,20260114,3112.0745,3136.8446,3169.7527,3106.1343,3132.9328,-20.8583,-0.6658,71957426.0,216077549.111,-0.006657755314764424,-0.010506817912208533,0.04184909190562891,0.008261590065725315,-0.010506817912208533,0.04184909190562891,0.008261590065725315
000016.SH,20260115,3105.5751,3104.3278,3130.9852,3097.1052,3112.0745,-6.4994,-0.2088,54417665.0,158767808.519,-0.0020884461474171,-0.005280995798066401,0.051031729120797564,0.007760399685630078,-0.005280995798066401,0.051031729120797564,0.007760399685630078
000016.SH,20260116,3079.7631,3117.9333,3127.8486,3066.0908,3105.5751,-25.812,-0.8312,72454154.0,199999259.219,-0.008311504043164164,-0.017407706189962124,0.029443479155525365,0.007748177307213914,-0.017407706189962124,0.029443479155525365,0.007748177307213914
000016.SH,20260119,3075.9357,3077.8064,3094.9717,3065.9404,3079.7631,-3.8274,-0.1243,55866599.0,166180043.159,-0.0012427579251145238,-0.02156713422378731,0.025818996523948368,0.007769012182063392,-0.02156713422378731,0.025818996523948368,0.007769012182063392
000016.SH,20260120,3070.646,3077.9394,3090.0853,3058.6109,3075.9357,-5.2897,-0.172,60002533.0,175735632.215,-0.0017197043488261787,-0.019881307380739233,0.022070037942774956,0.007796278954189262,-0.019881307380739233,0.022070037942774956,0.007796278954189262
000016.SH,20260121,3067.1753,3073.7685,3097.663,3060.6465,3070.646,-3.4707,-0.113,65664880.0,198825917.004,-0.0011302833345167018,-0.014427418109688617,0.015544121909981223,0.007747644913531702,-0.014427418109688617,0.015544121909981223,0.007747644913531702
000016.SH,20260122,3053.1277,3080.2049,3089.6732,3046.4282,3067.1753,-14.0476,-0.458,62918454.0,193411152.893,-0.004579979501008635,-0.01688814416370099,0.008458475659694376,0.00782836977723397,-0.01688814416370099,0.008458475659694376,0.00782836977723397
000016.SH,20260123,3032.193,3055.6858,3063.2584,3019.7623,3053.1277,-20.9347,-0.6857,69020151.0,200455523.519,-0.006856804581085729,-0.015446025702431476,0.0023169169980046256,0.00799483674510727,-0.015446025702431476,0.0023169169980046256,0.00799483674510727
000016.SH,20260126,3049.5871,3042.3684,3088.5681,3039.6437,3032.193,17.3941,0.5736,89102472.0,239455604.502,0.00573647521777132,-0.008566043822047287,0.005521455886219551,0.008076875452528722,-0.008566043822047287,0.005521455886219551,0.008076875452528722
000016.SH,20260127,3052.3932,3054.4006,3080.8178,3046.189,3049.5871,2.8061,0.092,75135914.0,202327301.285,0.0009201573550727815,-0.005944286641964003,0.002295130931085687,0.00802832387438266,-0.005944286641964003,0.002295130931085687,0.00802832387438266
000016.SH,20260128,3060.557,3066.4252,3074.9759,3047.7853,3052.3932,8.1638,0.2675,96366780.0,252622549.761,0.0026745571311062033,-0.0021577834172047394,0.008542148417402418,0.007998504600128556,-0.0021577834172047394,0.008542148417402418,0.007998504600128556
000016.SH,20260129,3110.9135,3074.4865,3122.1416,3048.4132,3060.557,50.3565,1.6453,100710154.0,294888480.62,0.016453377604142005,0.018926755012572904,0.02448869397046116,0.008762750727276373,0.018926755012572904,0.02448869397046116,0.008762750727276373
000016.SH,20260130,3066.4963,3088.7871,3106.3309,3040.4227,3110.9135,-44.4172,-1.4278,79014687.0,222232774.299,-0.014277864042185784,0.011313033174339404,0.011669096676884871,0.00941145615273419,0.011313033174339404,0.011669096676884871,0.00941145615273419
000016.SH,20260202,3003.1373,3036.843,3076.0222,2997.8523,3066.4963,-63.359,-2.0662,80803317.0,208153102.798,-0.02066169132504736,-0.015231504619100833,-0.031166712939272312,0.009053809931348133,-0.015231504619100833,-0.031166712939272312,0.009053809931348133
000016.SH,20260203,3034.5803,3033.4696,3036.9966,2987.4057,3003.1373,31.443,1.047,64830347.0,192779506.096,0.010470050769906702,-0.00583571605388189,-0.039313773188189516,0.008190074766639072,-0.00583571605388189,-0.039313773188189516,0.008190074766639072
000016.SH,20260204,3069.2432,3033.5478,3070.1697,3030.338,3034.5803,34.6629,1.1423,61043659.0,169882139.247,0.011422633963583007,0.0028381108406083655,-0.024125154918587133,0.008693517378356018,0.0028381108406083655,-0.024125154918587133,0.008693517378356018
000016.SH,20260205,3059.012,3048.8704,3066.5086,3030.8493,3069.2432,-10.2312,-0.3333,53716009.0,147997420.382,-0.003333460183278958,-0.01668368471190218,-0.02019520620133597,0.008590096517244317,-0.01668368471190218,-0.02019520620133597,0.008590096517244317
000016.SH,20260206,3037.8602,3027.1727,3056.0036,3015.6256,3059.012,-21.1518,-0.6915,46789818.0,133605955.584,-0.006914585493616898,-0.00933837748312294,-0.030776743122800543,0.008605895236699844,-0.00933837748312294,-0.030776743122800543,0.008605895236699844
000016.SH,20260209,3081.7791,3066.3175,3081.8681,3059.0287,3037.8602,43.9189,1.4457,41923930.0,135722344.492,0.01445718272355001,0.026186548313991587,-0.019708391010176962,0.009278072498063816,0.026186548313991587,-0.019708391010176962,0.009278072498063816
000016.SH,20260210,3087.405,3086.3282,3091.3459,3079.9991,3081.7791,5.6259,0.1826,38162332.0,122015907.929,0.001825536424723051,0.017407580217930096,-0.014532006559476729,0.009278570535339628,0.017407580217930096,-0.014532006559476729,0.009278570535339628
000016.SH,20260211,3088.4571,3082.6989,3094.2502,3076.552,3087.405,1.0521,0.0341,36847609.0,114086375.889,0.000340771618883684,0.00626014256543761,-0.007588957140968189,0.009173059448942776,0.00626014256543761,-0.007588957140968189,0.009173059448942776
000016.SH,20260212,3079.7273,3091.5288,3094.3349,3075.7602,3088.4571,-8.7298,-0.2827,44400996.0,130413439.92,-0.0028265893672281273,0.006771892362632093,-0.008323031698702077,0.009181941623059223,0.006771892362632093,-0.008323031698702077,0.009181941623059223
000016.SH,20260213,3034.3459,3062.206,3066.039,3032.6561,3079.7273,-45.3814,-1.4736,45953549.0,125965616.371,-0.014735525447334363,-0.0011568340109924247,-0.01474697842830841,0.009577910937577927,-0.0011568340109924247,-0.01474697842830841,0.009577910937577927
000016.SH,20260224,3041.3242,3075.4717,3075.8973,3039.4088,3034.3459,6.9783,0.23,43898842.0,128242969.782,0.002299770767729692,-0.013127125172599174,-0.011252348350454744,0.009600055175790273,-0.013127125172599174,-0.011252348350454744,0.009600055175790273
000016.SH,20260225,3054.9247,3045.451,3080.0769,3041.5892,3041.3242,13.6005,0.4472,56685897.0,150622614.996,0.004471900759544178,-0.010520258922946724,-0.005119867285255375,0.009659043719348712,-0.010520258922946724,-0.005119867285255375,0.009659043719348712
000016.SH,20260226,3035.0707,3059.6017,3060.3366,3023.4345,3054.9247,-19.854,-0.6499,43952257.0,141004998.912,-0.006499014525628066,-0.017285783247563913,-0.01046715523563313,0.009759975150799712,-0.017285783247563913,-0.01046715523563313,0.009759975150799712
000016.SH,20260227,3039.431,3026.0763,3049.3601,3025.7235,3035.0707,4.3603,0.1437,43909783.0,137365110.43,0.0014366386918103213,-0.01308437276248453,-0.004486120904801938,0.009719613250457644,-0.01308437276248453,-0.004486120904801938,0.009719613250457644
000016.SH,20260302,3046.4667,3031.4474,3050.9198,3010.0474,3039.431,7.0357,0.2315,83545593.0,193821718.736,0.002314808265099666,0.003994534703508856,0.004707385051017532,0.009603677889652771,0.003994534703508856,0.004707385051017532,0.009603677889652771
000016.SH,20260303,3014.2702,3045.7497,3056.9862,3008.0031,3046.4667,-32.1965,-1.0568,104832996.0,221706040.613,-0.010568472650628324,-0.008895467309930405,-0.011580879260671195,0.009805919460986563,-0.008895467309930405,-0.011580879260671195,0.009805919460986563
000016.SH,20260304,2974.2097,2985.632,2991.0309,2953.3247,3014.2702,-40.0605,-1.329,86833095.0,174492920.941,-0.013290281674151139,-0.026421273165914694,-0.025613836382547328,0.010201665500277707,-0.026421273165914694,-0.025613836382547328,0.010201665500277707
000016.SH,20260305,2988.4505,2993.5906,3001.0232,2978.0864,2974.2097,14.2408,0.4788,63797904.0,139933289.588,0.004788095472891607,-0.01536049885098234,-0.023559927163584904,0.010255232475832725,-0.01536049885098234,-0.023559927163584904,0.010255232475832725
000016.SH,20260306,2992.7021,2972.59,2999.7239,2970.5786,2988.4505,4.2516,0.1423,50536462.0,114511259.536,0.0014226770696050828,-0.015374226294329496,-0.037998935039498916,0.00941423947050385,-0.015374226294329496,-0.037998935039498916,0.00941423947050385
000016.SH,20260309,2962.9888,2963.1998,2970.9461,2933.9168,2992.7021,-29.7133,-0.9929,78658126.0,171357039.908,-0.00992858594244972,-0.027401546847697356,-0.03375432085145502,0.009159892672156035,-0.027401546847697356,-0.03375432085145502,0.009159892672156035
000016.SH,20260310,2981.8351,2973.8197,2985.3088,2969.9116,2962.9888,18.8463,0.6361,54226915.0,121762430.508,0.00636057078582275,-0.010760515099144108,-0.007093315380552245,0.008149126061596028,-0.010760515099144108,-0.007093315380552245,0.008149126061596028
000016.SH,20260311,2985.3449,2983.4602,2988.7538,2970.8324,2981.8351,3.5098,0.1177,56031984.0,122447089.4,0.0011770603947884872,0.003743918930800394,-0.016224780738212763,0.007756745994955204,0.003743918930800394,-0.016224780738212763,0.007756745994955204
000016.SH,20260312,2971.5612,2978.1151,2985.5464,2954.3045,2985.3449,-13.7837,-0.4617,55644111.0,125464705.716,-0.004617121458897366,-0.005651524092502025,-0.03182608663920794,0.007239670308946497,-0.005651524092502025,-0.03182608663920794,0.007239670308946497
000016.SH,20260313,2956.8468,2961.7335,2977.8417,2951.7012,2971.5612,-14.7144,-0.4952,68633013.0,134239212.515,-0.004951740519428038,-0.01198091183215333,-0.03339810370145668,0.0072691539649675915,-0.01198091183215333,-0.03339810370145668,0.0072691539649675915
000016.SH,20260316,2954.0885,2952.4201,2955.0036,2927.9359,2956.8468,-2.7583,-0.0933,59596018.0,143861980.866,-0.0009328518474477354,-0.003003825056645537,-0.027575890424450855,0.007164393376246723,-0.003003825056645537,-0.027575890424450855,0.007164393376246723
000016.SH,20260317,2963.5779,2957.0148,2995.2259,2956.1591,2954.0885,9.4894,0.3212,62604978.0,132384455.987,0.003212293741368999,-0.006122806723953156,-0.03835485807532413,0.006238063990030769,-0.006122806723953156,-0.03835485807532413,0.006238063990030769
000016.SH,20260318,2961.4264,2965.8607,2970.1876,2939.7483,2963.5779,-2.1515,-0.0726,54413790.0,113721675.957,-0.0007259805790832408,-0.008011972084029595,-0.0408040409340531,0.0061829560770831505,-0.008011972084029595,-0.0408040409340531,0.0061829560770831505
000016.SH,20260319,2916.2348,2933.5774,2942.4588,2908.4428,2961.4264,-45.1916,-1.526,67079441.0,136419483.407,-0.015260078724225523,-0.018618630503050015,-0.05576321587889299,0.006815533940238864,-0.018618630503050015,-0.05576321587889299,0.006815533940238864
000016.SH,20260320,2883.8644,2914.851,2924.3763,2881.9471,2916.2348,-32.3704,-1.11,66097073.0,135730910.402,-0.011100066428121669,-0.024682509760059257,-0.06359748150428779,0.007061165760902177,-0.024682509760059257,-0.06359748150428779,0.007061165760902177
000016.SH,20260323,2792.3288,2847.5219,2847.7762,2779.599,2883.8644,-91.5356,-3.1741,86976633.0,173992569.534,-0.031740604724688204,-0.05475790586504092,-0.07975923245929217,0.009212307849537938,-0.05475790586504092,-0.07975923245929217,0.009212307849537938
000016.SH,20260324,2830.854,2813.4977,2831.2721,2790.8032,2792.3288,38.5252,1.3797,63312736.0,135732067.71,0.013796799288106731,-0.044785021510654555,-0.06920347393415016,0.009961361061335449,-0.044785021510654555,-0.06920347393415016,0.009961361061335449
000016.SH,20260325,2859.5345,2845.4092,2862.573,2842.1889,2830.854,28.6805,1.0131,63965550.0,133500631.806,0.010131394978335262,-0.034406359043736345,-0.06395908874611533,0.010276100503311065,-0.034406359043736345,-0.06395908874611533,0.010276100503311065
000016.SH,20260326,2824.6744,2854.5042,2862.3274,2819.0672,2859.5345,-34.8601,-1.2191,52322127.0,113550786.856,-0.01219083036067592,-0.031396786020110645,-0.06932171299996415,0.010448227348975974,-0.031396786020110645,-0.06932171299996415,0.010448227348975974
000016.SH,20260327,2837.3064,2803.4975,2845.8344,2803.4975,2824.6744,12.632,0.4472,46525441.0,103294765.815,0.0044720198547485435,-0.016144309697779136,-0.06650080228832311,0.010545809599981202,-0.016144309697779136,-0.06650080228832311,0.010545809599981202
000016.SH,20260330,2833.2054,2814.8276,2835.8336,2806.0271,2837.3064,-4.101,-0.1445,49112625.0,103315096.152,-0.001445384960891083,0.014638892096088485,-0.07000283311811684,0.010472171711232811,0.014638892096088485,-0.07000283311811684,0.010472171711232811
000016.SH,20260331,2826.1249,2844.405,2865.5184,2826.1249,2833.2054,-7.0805,-0.2499,57096016.0,121234704.383,-0.0024991128422952036,-0.0016705559523734204,-0.06241819329932674,0.010342977497940099,-0.0016705559523734204,-0.06241819329932674,0.010342977497940099
000016.SH,20260401,2878.7943,2863.4932,2882.6714,2856.9677,2826.1249,52.6694,1.8637,50695580.0,127531215.94,0.018636614397332663,0.006735292055402686,-0.03208092556486508,0.011131885417285325,0.006735292055402686,-0.03208092556486508,0.011131885417285325
000016.SH,20260402,2853.4529,2873.8255,2873.8255,2840.6396,2878.7943,-25.3414,-0.8803,46918994.0,102925556.692,-0.008802782470425097,0.010188253909902079,-0.045173108940569584,0.011138169969692448,0.010188253909902079,-0.045173108940569584,0.011138169969692448
000016.SH,20260403,2830.5967,2856.5571,2857.5116,2827.0896,2853.4529,-22.8562,-0.801,36331378.0,79325741.157,-0.008010014813982114,-0.0023648133314047026,-0.054166901543591606,0.011174151761473827,-0.0023648133314047026,-0.054166901543591606,0.011174151761473827
000016.SH,20260407,2830.5227,2830.1267,2843.1652,2824.18,2830.5967,-0.074,-0.0026,36809593.0,99010485.33,-2.6142897714853675e-05,-0.0009468780484463979,-0.04470691890566714,0.011056743935790585,-0.0009468780484463979,-0.04470691890566714,0.011056743935790585
000016.SH,20260408,2907.0658,2872.0345,2907.7909,2872.0345,2830.5227,76.5431,2.7042,58736612.0,154937979.532,0.02704203714741449,0.028640241625556007,-0.0250749278523148,0.01274088824846451,0.028640241625556007,-0.0250749278523148,0.01274088824846451
000016.SH,20260409,2884.76,2888.4044,2891.8718,2877.552,2907.0658,-22.3058,-0.7673,38673621.0,108590894.229,-0.0076729601373314305,0.0020722911671737787,-0.033692890895118954,0.012807796888644016,0.0020722911671737787,-0.033692890895118954,0.012807796888644016
000016.SH,20260410,2899.5795,2900.4958,2915.7001,2894.6772,2884.76,14.8195,0.5137,42529531.0,122820282.454,0.005137169123254459,0.016165187096657485,-0.024223529369006513,0.012873780724185928,0.016165187096657485,-0.024223529369006513,0.012873780724185928
000016.SH,20260413,2899.4701,2888.4244,2902.7061,2884.6579,2899.5795,-0.1094,-0.0038,40492045.0,121740386.153,-3.772960872427955e-05,0.02433176015502303,-0.019404691511240912,0.012844193083246433,0.02433176015502303,-0.019404691511240912,0.012844193083246433
000016.SH,20260414,2924.1834,2918.505,2924.2184,2899.8566,2899.4701,24.7133,0.8523,41834366.0,128295549.999,0.008523385014385765,0.03308954208351689,-0.010123291837736081,0.013015852760675897,0.03308954208351689,-0.010123291837736081,0.013015852760675897
000016.SH,20260415,2934.2159,2939.5201,2953.0671,2931.6349,2924.1834,10.0325,0.3431,47270766.0,145529726.844,0.0034308723591003343,0.009339348287197513,-0.009907618760418013,0.01301916160015425,0.009339348287197513,-0.009907618760418013,0.01301916160015425
000016.SH,20260416,2939.7645,2937.7583,2948.1195,2930.7714,2934.2159,5.5486,0.1891,41117930.0,115488675.423,0.0018909992274256382,0.019067270760825927,-0.007314684572272245,0.013029040709424773,0.019067270760825927,-0.007314684572272245,0.013029040709424773
000016.SH,20260417,2910.8732,2920.8547,2924.134,2906.9515,2939.7645,-28.8913,-0.9828,41874842.0,134787638.837,-0.009827760012749431,0.0038949440772360067,-0.001838535086406634,0.01275417615765213,0.0038949440772360067,-0.001838535086406634,0.01275417615765213
000016.SH,20260420,2933.6534,2911.8618,2935.2919,2911.7446,2910.8732,22.7802,0.7826,47728324.0,132077315.884,0.007825899115083468,0.011789499053637575,0.01726468137683601,0.01258944339898603,0.011789499053637575,0.01726468137683601,0.01258944339898603
000016.SH,20260421,2932.0721,2931.6113,2937.4195,2920.2845,2933.6534,-1.5813,-0.0539,46327358.0,119509381.952,-0.0005390207309425854,0.002697744607947694,0.05004543161249497,0.009993141361010233,0.002697744607947694,0.05004543161249497,0.009993141361010233
000016.SH,20260422,2930.5752,2927.8637,2935.1118,2922.326,2932.0721,-1.4969,-0.0511,45443426.0,126382955.99,-0.0005105263270980265,-0.0012407744092722828,0.035226542944284844,0.009647387981931712,-0.0012407744092722828,0.035226542944284844,0.009647387981931712
000016.SH,20260423,2927.9307,2938.1651,2941.1962,2912.564,2930.5752,-2.6445,-0.0902,53650898.0,155716228.751,-0.000902382576635552,-0.004025424485532891,0.023918648297476253,0.00945808666624602,-0.004025424485532891,0.023918648297476253,0.00945808666624602
000016.SH,20260424,2945.0425,2925.9009,2948.4095,2914.2567,2927.9307,17.1118,0.5844,42443653.0,154614309.702,0.005844332312919809,0.011738505133098931,0.04261308843242251,0.00895824591920256,0.011738505133098931,0.04261308843242251,0.00895824591920256
000016.SH,20260427,2939.0529,2944.0308,2955.4488,2934.6729,2945.0425,-5.9896,-0.2034,43975110.0,159040616.221,-0.002033790683835579,0.0018405378085903923,0.035860244068106395,0.008986666109925547,0.0018405378085903923,0.035860244068106395,0.008986666109925547
000016.SH,20260428,2950.4212,2938.0584,2963.3596,2937.5487,2939.0529,11.3683,0.3868,49049059.0,156947846.888,0.003868014760809446,0.0062580657549315966,0.04137215042721598,0.00896414831495135,0.0062580657549315966,0.04137215042721598,0.00896414831495135
000016.SH,20260429,2967.5034,2937.8141,2968.9643,2937.2916,2950.4212,17.0822,0.579,61159880.0,177885651.228,0.005789749612699291,0.012601007474573489,0.050025566810582234,0.008933496294584902,0.012601007474573489,0.050025566810582234,0.008933496294584902
000016.SH,20260430,2985.5048,2972.0472,2989.0518,2971.2874,2967.5034,18.0014,0.6066,62185756.0,215537994.304,0.006066176705981308,0.019663750921427248,0.03706777521408888,0.00814440744717528,0.019663750921427248,0.03706777521408888,0.00814440744717528
000016.SH,20260506,3026.4434,3010.3178,3037.2642,3001.9757,2985.5048,40.9386,1.3712,67902951.0,260825664.652,0.013712454925545625,0.027639974635340625,0.060624971240983205,0.00815010600922349,0.027639974635340625,0.060624971240983205,0.00815010600922349
000016.SH,20260507,3029.1939,3034.9771,3040.4025,3020.9004,3026.4434,2.7505,0.0909,58400076.0,205911875.66,0.0009088225472844158,0.03067008423019546,0.07016089575742113,0.0077514632749059835,0.03067008423019546,0.07016089575742113,0.0077514632749059835
000016.SH,20260508,3003.5839,3014.466,3015.4074,2990.0137,3029.1939,-25.61,-0.8454,50496714.0,181204517.29,-0.008454394418264233,0.018018681536046355,0.06114107475626329,0.008166902275959282,0.018018681536046355,0.06114107475626329,0.008166902275959282
000016.SH,20260511,3041.6333,3021.7449,3047.9,3009.5445,3003.5839,38.0494,1.2668,69411115.0,242027279.546,0.012667999718602774,0.024980561100620857,0.04628980190266074,0.006376254328754742,0.024980561100620857,0.04628980190266074,0.006376254328754742
000016.SH,20260512,3043.5559,3045.2207,3058.3827,3036.167,3041.6333,1.9226,0.0632,66094509.0,230201303.269,0.000632094605224065,0.01944431641844946,0.05504648566951831,0.005949828541589858,0.01944431641844946,0.05504648566951831,0.005949828541589858
000016.SH,20260513,3047.2456,3029.1158,3049.1727,3018.8501,3043.5559,3.6897,0.1212,64397463.0,213302448.275,0.001212299074250689,0.006873480601024884,0.050926729203320864,0.005929892907086545,0.006873480601024884,0.050926729203320864,0.005929892907086545
000016.SH,20260514,2996.573,3056.8463,3059.7858,2995.819,3047.2456,-50.6726,-1.6629,63245575.0,215190927.195,-0.01662898454919426,-0.01076883853489874,0.033489878029782094,0.007305136775612674,-0.01076883853489874,0.033489878029782094,0.007305136775612674
000016.SH,20260515,2957.6024,2992.2605,3001.6271,2945.6528,2996.573,-38.9706,-1.3005,63890671.0,231212579.191,-0.013005056109095192,-0.015308878170508189,0.011428489745205495,0.007811308516259,-0.015308878170508189,0.011428489745205495,0.007811308516259
000016.SH,20260518,2934.9592,2947.2502,2954.6326,2921.1756,2957.6024,-22.6432,-0.7656,59652492.0,180548941.083,-0.0076559310338673026,-0.035071321713896375,0.0002533215091635732,0.007990972204969917,-0.035071321713896375,0.0002533215091635732,0.007990972204969917
000016.SH,20260519,2954.0622,2929.0664,2955.0661,2918.9728,2934.9592,19.103,0.6509,58276856.0,178510282.059,0.00650877872510125,-0.029404322752869416,0.004863552845814523,0.008112957919369501,-0.029404322752869416,0.004863552845814523,0.008112957919369501
000016.SH,20260520,2953.7472,2940.2616,2964.777,2937.5693,2954.0622,-0.315,-0.0107,57517820.0,205321201.741,-0.00010663282580847255,-0.030682922308592486,0.01472891364694262,0.007759398845156581,-0.030682922308592486,0.01472891364694262,0.007759398845156581
000016.SH,20260521,2920.9288,2972.5301,2998.9037,2920.4091,2953.7472,-32.8184,-1.1111,63684730.0,237309932.268,-0.011110768044062747,-0.02524356990468768,-0.004337458542307715,0.008003339072407776,-0.02524356990468768,-0.004337458542307715,0.008003339072407776
000016.SH,20260522,2923.5248,2937.1177,2939.5964,2908.0855,2920.9288,2.596,0.0889,52383259.0,174676043.597,0.0008887583976713298,-0.011522035551499443,-0.0029151056687861665,0.00800639953819437,-0.011522035551499443,-0.0029151056687861665,0.00800639953819437
000016.SH,20260525,2968.697,2932.2402,2969.7585,2929.3843,2923.5248,45.1722,1.5451,48439446.0,220945020.732,0.015451279907049198,0.011495151278423377,0.01300829953109539,0.008727977537081471,0.011495151278423377,0.01300829953109539,0.008727977537081471
000016.SH,20260526,2973.3853,2954.4905,2976.9487,2945.5472,2968.697,4.6883,0.1579,55109956.0,216747758.49,0.001579245035784993,0.00654119605199921,0.015524479455746754,0.008721895981968162,0.00654119605199921,0.015524479455746754,0.008721895981968162
000016.SH,20260527,2934.7122,2969.7963,2975.9676,2921.8186,2973.3853,-38.6731,-1.3006,56055809.0,202669526.268,-0.013006420661324958,-0.006444356510943106,-0.0035076913151508293,0.009156578840982522,-0.006444356510943106,-0.0035076913151508293,0.009156578840982522
000016.SH,20260528,2914.1896,2923.2062,2928.1759,2893.5661,2934.7122,-20.5226,-0.6993,51956901.0,183934944.827,-0.0069930536970540524,-0.0023072113226449975,-0.00845962997127403,0.009277038659719034,-0.0023072113226449975,-0.00845962997127403,0.009277038659719034
000016.SH,20260529,2921.0812,2919.64,2938.4908,2910.5738,2914.1896,6.8916,0.2365,68498404.0,223013813.827,0.002364842699321912,-0.0008358403527140013,-0.009944342861961553,0.009246819300196758,-0.0008358403527140013,-0.009944342861961553,0.009246819300196758
